file,id,source,author,premium,risk,text_excerpt
data/cards.ts,card-001,Deutéronome 6:4 — Shema Israël,Rabbi Joseph B. Soloveitchik,false,COPYRIGHT (†1993 → 2063),"L'unité divine n'est pas seulement un dogme — c'est une invitation à l'unité intérieure. Entendre l'Unité de Dieu, c'est cesser de vivre dispersé."
data/cards.ts,card-002,Lévitique 19:18 — Kédochim,"Talmud, Chabbat 31a",false,likely-PD-or-traditional,Rabbi Akiva : C'est là le grand principe de la Torah. Hillel : Ne fais pas à autrui ce qui t'est odieux — c'est toute la Torah ; le reste n'est que commentaire.
data/cards.ts,card-003,Deutéronome 16:20 — Choftim,Rachi,false,likely-PD-or-traditional,"La répétition du mot ""tzedek"" enseigne que même les moyens d'obtenir la justice doivent être justes. Une fin juste ne justifie pas des moyens injustes."
data/cards.ts,card-004,Cantique des Cantiques 6:3,"Talmud, Yadayim 3:5",false,likely-PD-or-traditional,"Rabbi Akiva disait : Toute la Bible est sainte, mais le Cantique des Cantiques est le saint des saints. C'est la métaphore de l'amour entre l'âme et son Créateu"
data/cards.ts,card-005,Pirké Avot 1:6 — Yéhochoua ben Prahia,Rabbi Soloveitchik,false,COPYRIGHT (†1993 → 2063),"L'homme ne grandit pas seul. Il faut un maître qui corrige et élève, un ami qui accompagne et soutient. La Torah se transmet dans la relation, non dans la solit"
data/cards.ts,card-006,Psaume 27:1,Rabbi Abraham Joshua Heschel,false,COPYRIGHT (†1972 → 2042),"La peur disparaît non quand les dangers disparaissent, mais quand on sait d'où vient la lumière. Celui qui tient la lumière ne craint plus l'obscurité."
data/cards.ts,card-007,Michée 7:18 — Qui est comme Toi ?,Heschel,false,COPYRIGHT (†1972 → 2042),"La miséricorde divine n'est pas une concession — c'est un plaisir. Dieu aime pardonner, aimer, guérir. Sa bonté n'est pas contrainte mais désirée."
data/cards.ts,card-008,Lamentations 3:22-23,Emmanuel Lévinas,false,COPYRIGHT (†1995 → 2065),"Au cœur des ruines de Jérusalem, Jérémie découvre un secret : le matin recommence toujours. Chaque aube est une promesse tenue — le renouveau est la fidélité di"
data/cards.ts,card-009,Psaume 51:12,Maïmonide — Hilkhot Teshuvah,false,likely-PD-or-traditional,La teshuvah n'est pas seulement se corriger — c'est demander une création nouvelle. Le cœur peut être recréé. Aucune faute n'est définitive si le désir de puret
data/cards.ts,card-010,Proverbes 3:6,Baal Shem Tov,false,likely-PD-or-traditional,La sagesse de Salomon : Dieu n'est pas seulement dans le temple ou la prière — il est dans toutes les voies. Chaque décision peut être un acte de reconnaissance
data/cards.ts,card-011,Deutéronome 28:9 — Imitatio Dei,"Talmud, Sotah 14a",false,likely-PD-or-traditional,"Imiter Dieu : comme Il revêt les nus (Adam et Ève), revêts les nus ; comme Il visite les malades (Abraham), visite les malades ; comme Il console les endeuillés"
data/cards.ts,card-012,Talmud Chabbat 30b — Simha shel mitsva,Baal Shem Tov,false,likely-PD-or-traditional,La Shekhinah ne repose que sur quelqu'un qui fait les mitsvot dans la joie. Le service de Dieu n'est pas du devoir triste — c'est de la joie profonde. La simha
data/cards.ts,card-013,Ecclésiaste 8:1 — Qui est sage ?,Gaon de Vilna,false,likely-PD-or-traditional,"La sagesse véritable ne se mesure pas à l'érudition mais à la capacité de donner sens aux événements. Celui qui comprend le ""pourquoi"" d'une chose en est illumi"
data/cards.ts,card-014,Michée 6:8 — Mah HaShem doreche mimcha,Heschel,false,COPYRIGHT (†1972 → 2042),"Le prophète résume toute la Torah en trois commandements. La justice, la bonté et l'humilité — pas le sacrifice, pas le rituel, mais la qualité de la relation a"
data/cards.ts,card-015,Exode 20:8 — Le quatrième commandement,Abraham Joshua Heschel — Le Sabbat,false,COPYRIGHT (†1972 → 2042),Heschel : Le Shabbat est un palais dans le temps. Nous construisons les cathédrales dans l'espace ; le judaïsme construit une cathédrale dans le temps — et elle
data/cards.ts,card-016,Deutéronome 30:14,Emmanuel Lévinas,false,COPYRIGHT (†1995 → 2065),"La Torah n'est pas au ciel, dit Moïse. Elle n'est pas au-delà de la mer. Elle est dans ta bouche, dans ton cœur. La révélation n'est pas lointaine — elle habite"
data/cards.ts,card-017,Exode 3:14 — Révélation au buisson ardent,Ramban,false,likely-PD-or-traditional,La révélation la plus mystérieuse de la Bible. Dieu ne donne pas son nom mais son être. Ehyeh — Je serai — désigne la présence dynamique qui sera là dans chaque
data/cards.ts,card-018,Isaïe 6:3 — Vision d'Isaïe,Rachi,false,likely-PD-or-traditional,Trois fois saint — le seul attribut triple de la Bible. La sainteté divine déborde au point que la créature ne peut le prononcer qu'une fois avant de s'écrouler
data/cards.ts,card-019,Psaume 136 — Refrain de la gratitude,Baal Shem Tov,false,likely-PD-or-traditional,Ce refrain se répète vingt-six fois en un seul psaume. La répétition n'est pas de la redondance — c'est de l'insistance sur la vérité la plus difficile à croire
data/cards.ts,card-020,Genèse 1:1 — Le commencement,Rachi — Commentaire sur Genèse 1:1,false,likely-PD-or-traditional,Rachi demande : Pourquoi la Torah commence-t-elle par la création et non par la première mitsvah ? Pour enseigner que le monde entier appartient à Dieu — et qu'
data/cards.ts,card-021,Pirké Avot 1:14 — Hillel,Emmanuel Lévinas,false,COPYRIGHT (†1995 → 2065),"Trois questions qui résument toute une éthique : responsabilité envers soi, responsabilité envers autrui, urgence d'agir. La morale juive est une tension créatr"
data/cards.ts,card-022,Sanhédrin 37a — Le Talmud de Babylone,Heschel,false,COPYRIGHT (†1972 → 2042),"Chaque être humain est un monde. La sainteté de la vie humaine est absolue dans la tradition juive — sauver une vie n'est pas un acte moral parmi d'autres, c'es"
data/cards.ts,card-023,Pirké Avot 4:1 — Ben Zoma,Gaon de Vilna,false,likely-PD-or-traditional,La sagesse n'est pas une position — c'est une posture. Celui qui se croit arrivé a cessé d'apprendre. Le vrai sage reconnaît que chaque personne porte une Torah
data/cards.ts,card-024,Pirké Avot 1:15 — Chammaï,Emmanuel Lévinas,false,COPYRIGHT (†1995 → 2065),Même Chammaï — réputé sévère — enseigne l'accueil avec un beau visage. Le visage ouvert est le premier don qu'on peut faire à l'autre — et il ne coûte rien.
data/cards.ts,card-025,Pirké Avot 1:17 — Chiméon ben Gamliel,Maïmonide,false,likely-PD-or-traditional,"La Torah est faite pour être vécue, non seulement étudiée. L'étude est indispensable — mais ce n'est pas un but en soi. Elle prépare l'action juste et l'existen"
data/cards.ts,card-026,Maïmonide — Hilkhot Teshuvah 7:7,Maïmonide,false,likely-PD-or-traditional,La repentance n'est pas seulement une correction — c'est un rapprochement. Celui qui revient est plus proche de Dieu que celui qui n'a jamais erré. Le chemin de
data/cards.ts,card-027,Maïmonide — Guide des Égarés,Maïmonide — Moreh Nevoukhim,false,likely-PD-or-traditional,La recherche de la vérité est indépendante du consensus. Maïmonide ose confronter la tradition reçue avec la raison. La vérité tient debout seule.
data/cards.ts,card-028,Maïmonide — Hilkhot Matanot Aniyim 10:1,Maïmonide — Les huit degrés de la tsédaka,false,likely-PD-or-traditional,La plus haute forme de tsédaka est celle qui préserve la dignité : donner à quelqu'un les moyens de ne plus avoir besoin de donner. Le don qui libère est supéri
data/cards.ts,card-029,Maïmonide — 13 Principes de Foi,Maïmonide,false,likely-PD-or-traditional,"Les 13 Principes de Maïmonide ont façonné la théologie juive. ""Emunah shlemah"" — foi entière : non pas la certitude du raisonnement, mais l'engagement total de"
data/cards.ts,card-030,"Maïmonide — Mishneh Torah, Yesodei HaTorah",Maïmonide,false,likely-PD-or-traditional,Dieu contient le monde sans être contenu par lui. Cette distinction métaphysique protège la transcendance divine tout en maintenant l'immanence de la Shekhinah.
data/cards.ts,card-031,Rachi — Commentaire sur Genèse 1:1,Rachi,false,likely-PD-or-traditional,Rachi enseigne : pour que les nations ne puissent pas accuser Israël de voler la Terre. Tout appartient à Dieu qui crée — Il donne à qui Il veut.
data/cards.ts,card-032,Rachi — Principe herméneutique fondamental,Rachi,false,likely-PD-or-traditional,"Rachi établit un principe qui protège la Torah de l'allégorisation excessive. Même si un verset a un sens profond, son sens premier reste valide. La Torah parle"
data/cards.ts,card-033,Talmud Berakhot 58a — cité par Rachi,Rachi,false,likely-PD-or-traditional,La diversité des opinions est une loi de la création. La Torah a soixante-dix visages. Chaque interprétation authentique enrichit la compréhension.
data/cards.ts,card-034,Rachi — Explication du commandement,Rachi,false,likely-PD-or-traditional,L'empathie comme herméneutique. Rachi enseigne à lire le commandement depuis sa propre expérience de la blessure pour comprendre comment ne pas blesser l'autre.
data/cards.ts,card-035,Méguilah 31a — cité par Rachi,Rachi,false,likely-PD-or-traditional,"La grandeur et l'humilité ne s'opposent pas — elles coexistent. Dieu, le plus grand, est aussi le plus humble. L'humilité est la marque des grands."
data/cards.ts,card-036,Baal Shem Tov — Enseignements oraux,Baal Shem Tov,false,likely-PD-or-traditional,"Le Besht révolutionne la spiritualité juive : pas besoin de souffrance ni d'ascèse pour se rapprocher de Dieu. La joie sincère est déjà une prière, déjà une pro"
data/cards.ts,card-037,Baal Shem Tov — Panenthéisme hassidique,Baal Shem Tov,false,likely-PD-or-traditional,"Le Besht reprend le concept du ""malon"" de la Shekhinah et lui donne une dimension cosmique. Chaque atome, chaque instant, chaque obscurité contient une étincell"
data/cards.ts,card-038,Baal Shem Tov — Toledot Yaakov Yosef,Baal Shem Tov,false,likely-PD-or-traditional,"La doctrine des ""nitzotzot"" (étincelles) : une parcelle divine est cachée dans chaque âme, même la plus éloignée. La mission de chacun est de libérer son étince"
data/cards.ts,card-039,Baal Shem Tov — Keter Chem Tov,Baal Shem Tov,false,likely-PD-or-traditional,"Le Besht ne méprise pas l'érudition, mais il rappelle que la qualité de la prière est dans la kavana (l'intention). Une prière sincère d'un simple vaut mille pr"
data/cards.ts,card-040,"Rabbi Nahman de Breslev — Liqoutey Moharan II, 48",Rabbi Nahman de Breslev,false,likely-PD-or-traditional,"La maxime la plus connue du hassidisme breslov. La vie est instable — un pont, pas une forteresse. Mais l'essentiel est de traverser sans s'arrêter, sans se par"
data/cards.ts,card-041,Emmanuel Lévinas — Totalité et Infini,Emmanuel Lévinas,false,COPYRIGHT (†1995 → 2065),"Lévinas retourne la philosophie : avant la question de l'être, la question de l'autre. Le visage humain est une épiphanie éthique — il me commande avant que j'a"
data/cards.ts,card-042,Emmanuel Lévinas — Difficile Liberté,Emmanuel Lévinas,false,COPYRIGHT (†1995 → 2065),"Pour Lévinas, le judaïsme n'est pas une particularité ethnique mais une vocation universelle — être responsable de tout et de tous, avant d'être demandé d'être"
data/cards.ts,card-043,Emmanuel Lévinas — Autrement qu'être,Emmanuel Lévinas,false,COPYRIGHT (†1995 → 2065),"Lévinas renverse l'existentialisme : ce n'est pas la liberté qui est première, mais la responsabilité. Je suis responsable de l'autre avant même de choisir de l"
data/cards.ts,card-044,Emmanuel Lévinas — L'Au-delà du verset,Emmanuel Lévinas,false,COPYRIGHT (†1995 → 2065),"Pour Lévinas, la Torah n'est pas un code fini mais une source inépuisable d'exigences éthiques. Chaque génération doit en redécouvrir les impératifs pour son pr"
data/cards.ts,card-045,Emmanuel Lévinas — Humanisme de l'autre homme,Emmanuel Lévinas,false,COPYRIGHT (†1995 → 2065),La maxime lévinassienne la plus radicale. Ce n'est pas l'égoïsme mais l'altruisme qui est la structure de base de l'humanité authentique. Je suis moi en tant qu
data/cards.ts,card-046,Rabbi A.J. Heschel — Dieu en quête de l'homme,Abraham Joshua Heschel,false,COPYRIGHT (†1972 → 2042),"Heschel inverse la question : ce n'est pas seulement l'homme qui cherche Dieu, mais Dieu qui cherche l'homme. Cette quête divine donne à chaque vie humaine une"
data/cards.ts,card-047,Rabbi A.J. Heschel — Le Sabbat,Abraham Joshua Heschel,false,COPYRIGHT (†1972 → 2042),"La révolution spirituelle du judaïsme : alors que les civilisations bâtissent dans l'espace, Israël sanctifie le temps. Le Shabbat est la civilisation du temps"
data/cards.ts,card-048,Rabbi A.J. Heschel — L'homme n'est pas seul,Abraham Joshua Heschel,false,COPYRIGHT (†1972 → 2042),"Pour Heschel, la religion commence avec l'étonnement (radical amazement) devant l'existence. Avant la théologie, il y a la surprise d'être. La prière est la rép"
data/cards.ts,card-049,"Rabbi A.J. Heschel — Marche à Selma, 1965",Abraham Joshua Heschel,false,COPYRIGHT (†1972 → 2042),La formule la plus célèbre de Heschel illustre son éthique prophétique : la protestation sociale EST une forme de prière. L'engagement pour la justice EST un ac
data/cards.ts,card-050,Rabbi A.J. Heschel — Une passion pour la vérité,Abraham Joshua Heschel,false,COPYRIGHT (†1972 → 2042),Heschel reprend l'idée paulinienne mais la retravaille en clé juive : chaque vie humaine est une lettre de Dieu au monde. Qu'est-ce que ma vie dit de Dieu à ceu
data/cards.ts,card-051,"Zohar — Vayikra, 11b",Ramban,true,likely-PD-or-traditional,"Le principe de correspondance kabbalistique : ""Comme en haut, ainsi en bas"". Le visible est le miroir de l'invisible. Comprendre le monde physique, c'est voir l"
data/cards.ts,card-052,Sefer Yetzirah 1:1 — Livre de la Création,Ramban,true,likely-PD-or-traditional,Le plus ancien traité de mystique juive. 32 = 10 séfiroth + 22 lettres hébraïques. La réalité entière est tissée de langage divin. La création est un acte de pa
data/cards.ts,card-053,Zohar — Berechit,Gaon de Vilna,true,likely-PD-or-traditional,"La lumière primordiale n'est pas physique — c'est la présence divine cachée dans la matière même. Le but de la vie est de la découvrir, de la libérer, de la rév"
data/cards.ts,card-054,"Rabbi Chneur Zalman de Lyadi — Tanya, Chapitre 2",Rabbi Chneur Zalman,true,likely-PD-or-traditional,"Le Tanya (Bible du hassidisme Habad) enseigne que l'âme divine est littéralement ""une partie de Dieu"". Toute la vie spirituelle consiste à laisser cette âme div"
data/cards.ts,card-055,Zohar — Achré Mot,Baal Shem Tov,true,likely-PD-or-traditional,"Le Zohar enseigne que l'amour est la sefira supérieure — Chesed. Un amour vraiment complet traverse toutes les frontières : celles du moi, de la mort, du temps."
data/cards.ts,card-056,Sefer HaBahir — Livre de la Clarté,Ramban,true,likely-PD-or-traditional,"La Shekhinah est le mystère de l'immanence divine. Dieu transcendant se fait présent dans le monde. Elle est ""en exil"" quand Israël souffre, et se ""réjouit"" qua"
data/cards.ts,card-057,Etz Hayyim — Rabbi Yitzhak Louria (l'Ari),Gaon de Vilna,true,likely-PD-or-traditional,La théologie kabbalistique la plus profonde : Dieu crée non par expansion mais par contraction. Il se retire pour faire de la place. Le monde est l'espace de l'
data/cards.ts,card-058,"Tanya — Rabbi Chneur Zalman, panenthéisme",Rabbi Chneur Zalman de Lyadi,true,likely-PD-or-traditional,Non le panthéisme (tout est Dieu) mais le panenthéisme kabbalistique (tout est en Dieu). Cette nuance préserve la transcendance divine tout en affirmant Sa prés
data/cards.ts,card-059,Zohar sur le Cantique des Cantiques,Baal Shem Tov,true,likely-PD-or-traditional,"La mystique juive converge vers ce point : l'âme, étincelle divine, aspire à retourner à sa source. La vie entière est un voyage de retour — un retour vers l'am"
data/cards.ts,card-060,Alenu LeChabeach — Prière kabbalistique,Rabbi Joseph B. Soloveitchik,true,COPYRIGHT (†1993 → 2063),"Le Tikun Olam — réparation du monde — est le concept éthique central du judaïsme moderne. Il nourrit l'engagement social, écologique et humain. L'Alenu se termi"
data/cards.ts,card-061,Bereshit 1:1,Emmanuel Lévinas,true,COPYRIGHT (†1995 → 2065),"Chaque commencement est un acte de foi. Le premier mot de la Torah, ""Bereshit"", enseigne que la création n'est pas une nécessité mais un don — Dieu crée non par"
data/cards.ts,card-062,Bereshit 1:31,Nehama Leibowitz,true,COPYRIGHT (†1994 → 2064),"Le ""très bon"" de la Création n'est pas une approbation esthétique — c'est la déclaration que l'existence elle-même a de la valeur. Nehama Leibowitz souligne que"
data/cards.ts,card-063,Bereshit 1:27,Abraham Joshua Heschel,true,COPYRIGHT (†1972 → 2042),"Le Tselem Elohim — l'image de Dieu en l'homme — est le fondement de toute éthique juive. Reconnaître le visage de l'autre, c'est reconnaître l'empreinte divine."
data/cards.ts,card-064,Bereshit 2:3,Abraham Joshua Heschel,true,COPYRIGHT (†1972 → 2042),"Heschel écrit que le Shabbat est ""une cathédrale dans le temps"". Dieu bénit non pas un lieu ni un objet, mais une durée — enseignant à l'humanité que la saintet"
data/cards.ts,card-065,Bereshit 2:18,Martin Buber,true,COPYRIGHT (†1965 → 2035),"Ces mots précèdent la création d'Ève, mais ils formulent une vérité universelle : l'existence humaine est constitutionnellement relationnelle. Le ""tov"" — le bie"
data/cards.ts,card-066,Bereshit 4:9,Elie Wiesel,true,COPYRIGHT (†2016 → 2086),La question de Caïn est la question éternelle de l'humanité. Le judaïsme répond sans ambiguïté : oui. L'Ahavat Israel — l'amour de ton prochain — n'est pas une
data/cards.ts,card-067,Bereshit 12:1,Rabbi Jonathan Sacks,true,COPYRIGHT (†2020 → 2090),"""Lech-Lecha"" — va pour toi. Rashi enseigne que ce voyage était autant intérieur qu'extérieur. Abraham est invité à se découvrir lui-même en quittant ce qu'il co"
data/cards.ts,card-068,Bereshit 15:6,Maimonide,true,likely-PD-or-traditional,L'Emunah d'Abraham n'est pas une adhésion intellectuelle à une doctrine mais une confiance existentielle totale. Il croit malgré les évidences contraires. La fo
data/cards.ts,card-069,Bereshit 18:27,Rabbi Joseph B. Soloveitchik,true,COPYRIGHT (†1993 → 2063),"Abraham, qui vient d'être reconnu comme l'ami de Dieu, se prosterne devant Lui en disant ""je ne suis que poussière"". Le Talmud enseigne que chaque être humain d"
data/cards.ts,card-070,Bereshit 18:14,Nehama Leibowitz,true,COPYRIGHT (†1994 → 2064),Cette question rhétorique posée à Abraham concerne la naissance de son fils centenaire. Elle traverse les siècles comme une interrogation spirituelle permanente
data/cards.ts,card-071,Bereshit 22:1,Abraham Joshua Heschel,true,COPYRIGHT (†1972 → 2042),"""Hineni"" — me voici — est la réponse d'Abraham à l'appel divin avant l'épreuve d'Akéda. Ce mot d'une seule syllabe résume l'attitude spirituelle idéale : une di"
data/cards.ts,card-072,Bereshit 26:24,Rabbi Jonathan Sacks,true,COPYRIGHT (†2020 → 2090),"Ces paroles adressées à Isaac s'inscrivent dans une longue tradition de la promesse divine. La peur est la condition humaine universelle ; ""Al tira"" — ne crains"
data/cards.ts,card-073,Bereshit 28:16,Martin Buber,true,COPYRIGHT (†1965 → 2035),Jacob se réveille de son rêve de l'échelle et réalise que la présence divine n'était pas absente — c'est lui qui n'en était pas conscient. Le texte enseigne que
data/cards.ts,card-074,Bereshit 32:29,Elie Wiesel,true,COPYRIGHT (†2016 → 2086),"Jacob devient Israël après sa lutte nocturne. Le nom ""Israël"" signifie ""celui qui lutte avec Dieu"". Loin d'être un péché, la lutte avec le divin est au cœur de"
data/cards.ts,card-075,Bereshit 50:20,Baal Shem Tov,true,likely-PD-or-traditional,"Joseph, devant ses frères qui l'avaient vendu comme esclave, prononce ces mots extraordinaires. Ce n'est pas du fatalisme — c'est la capacité à voir l'arc long"
data/cards.ts,card-076,Bereshit 28:10,Rashi,true,likely-PD-or-traditional,Rashi note que la Torah précise le départ de Jacob pour nous enseigner que la sortie du juste est une perte pour son lieu. Chaque être humain laisse une emprein
data/cards.ts,card-077,Bereshit 30:22,Emmanuel Lévinas,true,COPYRIGHT (†1995 → 2065),"Le verbe ""se souvenir"" appliqué à Dieu est l'une des expressions les plus émouvantes de la Torah. Il ne signifie pas que Dieu avait oublié, mais que le moment d"
data/cards.ts,card-078,Bereshit 35:11,Maimonide,true,likely-PD-or-traditional,La royauté de Dieu dans la pensée juive n'est pas celle d'un monarque distant — c'est la présence active qui soutient et oriente toute existence. Le Rambam ense
data/cards.ts,card-079,Bereshit 3:3 (Qohelet 3:14),Abraham Joshua Heschel,true,COPYRIGHT (†1972 → 2042),"La crainte de Dieu — Yirat Hashem — n'est pas la peur mais l'émerveillement sacré. Heschel la décrit comme ""la réponse qui surgit face à la splendeur du monde""."
data/cards.ts,card-080,Tehillim 119:72,Rabbi Menachem Mendel de Kotzk,true,likely-PD-or-traditional,"Aimer la Torah est central dans la spiritualité juive. Le Rabbi de Kotzk enseignait : ""La Torah n'a pas été donnée aux anges."" Elle est un enseignement vivant p"
data/cards.ts,card-081,Bereshit 31:15 (cf. Shemot 20:9),Abraham Joshua Heschel,true,COPYRIGHT (†1972 → 2042),"Le Shabbat n'est pas seulement un jour de repos physique — c'est une déclaration théologique. En cessant de travailler, l'humain reconnaît qu'il n'est pas le ma"
data/cards.ts,card-082,Bereshit 47:28,Rashi,true,likely-PD-or-traditional,"Rashi note que ces années en Égypte furent les meilleures de la vie de Jacob. La sagesse paradoxale : souvent nos années de ""diaspora"", d'exil intérieur ou exté"
data/cards.ts,card-083,Bereshit 50:1,Rabbi Jonathan Sacks,true,COPYRIGHT (†2020 → 2090),Les larmes de Joseph sur son père sont un enseignement sur la dignité du deuil. Le judaïsme reconnaît que la perte est réelle et que les pleurs sont saints. Le
data/cards.ts,card-084,Bereshit 1:1 — commentaire de Nahmanide,Ramban,true,likely-PD-or-traditional,Nahmanide (Ramban) est le premier à articuler clairement la création ex nihilo dans la tradition juive. L'idée que quelque chose peut surgir du néant absolu est
data/cards.ts,card-085,Bereshit 6:9,Nehama Leibowitz,true,COPYRIGHT (†1994 → 2064),"La précision ""en son temps"" a engendré un débat millénaire. Rashi : Noé était juste comparativement à sa génération, mais aurait été ordinaire à l'époque d'Abra"
data/cards.ts,card-086,Bereshit 2:4,Rabbi Isaac Louria,true,likely-PD-or-traditional,"Le mot ""toledot"" (générations/enfantements) est utilisé pour la première fois pour le cosmos lui-même. La création est une naissance en cours — non pas un événe"
data/cards.ts,card-087,Bereshit 42:11,Emmanuel Lévinas,true,COPYRIGHT (†1995 → 2065),Les frères de Joseph proclament leur fraternité commune. Cette phrase est un rappel fondamental : l'unité de la famille humaine remonte à une source unique. Ell
data/cards.ts,card-088,Bereshit 28:12,Rabbi Nachman de Breslev,true,likely-PD-or-traditional,L'échelle de Jacob (Sulam Yaakov) symbolise la communication perpétuelle entre le terrestre et le céleste. Les anges montent et descendent — jamais dans un seul
data/cards.ts,card-089,Shemot 14:13,Sfat Emet,true,likely-PD-or-traditional,"Ces paroles de Moïse au bord de la mer Rouge sont un enseignement sur la confiance absolue (Bitachon). Le Sfat Emet enseigne : l'obéissance à ""ne craignez pas"""
data/cards.ts,card-090,Bereshit 32:4,Rabbi Israel Baal Shem Tov,true,likely-PD-or-traditional,"Le mot ""malachim"" signifie à la fois messagers et anges. Rashi voit dans ce verset la conscience que chaque humain peut être un messager du divin. La pensée has"
data/cards.ts,card-091,Shemot 2:24,Emmanuel Lévinas,true,COPYRIGHT (†1995 → 2065),L'Exode commence par cette affirmation fondamentale : Dieu entend les cris des opprimés. La libération n'est pas une abstraction théologique mais une réponse à
data/cards.ts,card-092,Shemot 3:5,Abraham Joshua Heschel,true,COPYRIGHT (†1972 → 2042),Moïse est invité à ôter ses sandales — à enlever ce qui le sépare de la terre sacrée. La sainteté n'est pas dans des temples lointains mais dans l'instant prése
data/cards.ts,card-093,Shemot 3:14,Maimonide,true,likely-PD-or-traditional,"Le Nom divin révélé à Moïse échappe à toute définition. ""Ehyeh asher ehyeh"" exprime l'être pur, le présent éternel et le devenir constant. Maimonide enseigne qu"
data/cards.ts,card-094,Shemot 20:2,Rabbi Jonathan Sacks,true,COPYRIGHT (†2020 → 2090),Les Dix Paroles commencent non par un commandement mais par un acte de libération. Dieu se présente comme le libérateur avant de se présenter comme le législate
data/cards.ts,card-095,Shemot 20:8,Abraham Joshua Heschel,true,COPYRIGHT (†1972 → 2042),"Le Shabbat est le seul concept de la Bible hébraïque explicitement qualifié de ""saint"" avant tout autre. Heschel écrit : ""Le Shabbat est une cathédrale dans le"
data/cards.ts,card-096,Shemot 20:12,Emmanuel Lévinas,true,COPYRIGHT (†1995 → 2065),"Ce commandement est au cœur de la Torah, à la jonction des devoirs envers Dieu et envers l'homme. Le Talmud dit : ""Honorer ses parents est équivalent à honorer"
data/cards.ts,card-097,Shemot 20:4,Maimonide,true,likely-PD-or-traditional,"L'idolâtrie n'est pas seulement adorer des statues — c'est absolutiser ce qui est relatif : le pouvoir, l'argent, l'idéologie. Maimonide enseigne que l'idolâtri"
data/cards.ts,card-098,Shemot 22:20 / Devarim 10:19,Emmanuel Lévinas,true,COPYRIGHT (†1995 → 2065),La Torah mentionne l'amour de l'étranger 36 fois — plus que tout autre commandement. La mémoire de l'oppression devient la source de l'empathie. Lévinas voit ic
data/cards.ts,card-099,Shemot 32:9 (cf. Tehillim 115:5-6),Abraham Joshua Heschel,true,COPYRIGHT (†1972 → 2042),"La prophétie contre l'idolâtrie est aussi une métaphore spirituelle. Fermer les yeux à la souffrance d'autrui, c'est une forme d'idolâtrie — l'adoration de sa p"
data/cards.ts,card-100,Shemot 34:6,Maimonide,true,likely-PD-or-traditional,"Les Treize Attributs de Miséricorde (Yud-Gimel Midot) révèlent la nature essentielle du Divin : compassion, grâce, patience, amour. Ces attributs sont récités l"
data/cards.ts,card-101,Shemot 25:8,Sfat Emet,true,likely-PD-or-traditional,"Dieu ne dit pas ""j'habiterai en lui"" (dans le sanctuaire) mais ""au milieu d'eux"" (dans le peuple). La Présence divine ne réside pas dans les pierres mais dans l"
data/cards.ts,card-102,Shemot 15:11,Elie Wiesel,true,COPYRIGHT (†2016 → 2086),"Le Cantique de la mer est l'une des plus anciennes liturgies de l'humanité. La question rhétorique ""Qui est comme toi ?"" (Mi kamocha) exprime l'incomparabilité"
data/cards.ts,card-103,Tehillim 123:2,Abraham Joshua Heschel,true,COPYRIGHT (†1972 → 2042),"La posture de regard vers Dieu — les yeux levés, attentifs, en attente — est la définition même de la prière dans la tradition juive. Ce n'est pas passivité mai"
data/cards.ts,card-104,Shemot 24:7,Rashi,true,likely-PD-or-traditional,"""Na'assé ve-nishmah"" — nous agirons et nous comprendrons. La tradition inverse l'ordre logique : l'action précède la compréhension. Rashi : Israël a engagé son"
data/cards.ts,card-105,Shemot 20:2,Rabbi Joseph B. Soloveitchik,true,COPYRIGHT (†1993 → 2063),Le premier des Dix Commandements n'est pas un commandement — c'est une déclaration d'identité et de relation. Dieu se présente avant de légiferer. La loi juive
data/cards.ts,card-106,Shemot 23:15,Rabbi Nachman de Breslev,true,likely-PD-or-traditional,"Pessah et le pain sans levain symbolisent la liberté dans l'urgence — pas le temps de laisser le pain lever. Mais plus profondément, le hametz (levain) représen"
data/cards.ts,card-107,Shemot 15:19,Rabbi Isaac Louria,true,likely-PD-or-traditional,"La kabbale enseigne que ""Mitsrayim"" (Égypte) vient de ""Metsar"" — étroitesse, constriction. La libération de l'Égypte est la libération de tout ce qui nous empri"
data/cards.ts,card-108,Shemot 33:11,Maimonide,true,likely-PD-or-traditional,La rencontre de Moïse avec Dieu est décrite en termes d'amitié — la forme la plus égale et la plus intime de relation humaine. Le Rambam enseigne que l'amour de
data/cards.ts,card-109,Shemot 33:18,Rabbi Joseph B. Soloveitchik,true,COPYRIGHT (†1993 → 2063),"La demande de Moïse est la prière la plus audacieuse de la Torah. Non pas ""guide-moi"" ou ""protège-moi"", mais ""montre-moi ta gloire"". C'est la quête mystique par"
data/cards.ts,card-110,Shemot 34:29,Rabbi Israel Baal Shem Tov,true,likely-PD-or-traditional,"Après la rencontre avec Dieu, Moïse rayonne d'une lumière dont il n'est pas conscient. C'est la marque de la vraie sainteté : celui qui irradie la lumière divin"
data/cards.ts,card-111,Pirké Avot 1:1 — Anshei Knesset HaGedolah,Rabbi Jonathan Sacks,true,COPYRIGHT (†2020 → 2090),"Les trois conseils des Sages de la Grande Assemblée fondent toute vie communautaire juive : la prudence judiciaire, la transmission du savoir, et la protection"
data/cards.ts,card-112,Pirké Avot 1:2 — Shimon HaTzaddik,Emmanuel Lévinas,true,COPYRIGHT (†1995 → 2065),"Cette formule trinitaire de Shimon HaTzaddik définit les trois dimensions de la vie juive : la connaissance (Torah), la relation à Dieu (Avoda), et la relation"
data/cards.ts,card-113,Pirké Avot 1:3 — Antigonus de Socho,Maimonide,true,likely-PD-or-traditional,"Antigonus introduit l'idée révolutionnaire d'un service désintéressé. Servir Dieu par amour, non par espoir de récompense ou crainte du châtiment — c'est la mat"
data/cards.ts,card-114,Pirké Avot 1:15 — Shammaï,Abraham Joshua Heschel,true,COPYRIGHT (†1972 → 2042),"Le plus strict des sages — Shammaï, connu pour ses décisions sévères — enseigne d'accueillir chacun avec un visage aimable. La courtoisie et le respect de l'aut"
data/cards.ts,card-115,Pirké Avot 1:12 — Hillel,Rabbi Jonathan Sacks,true,COPYRIGHT (†2020 → 2090),"Hillel décrit Aaron comme le modèle du médiateur de paix. ""Poursuivre"" la paix — rodef shalom — implique que la paix ne se trouve pas passivement : elle se cher"
data/cards.ts,card-116,Pirké Avot 1:14 — Hillel,Elie Wiesel,true,COPYRIGHT (†2016 → 2086),Ce tryptique de Hillel est peut-être la formule la plus complète jamais écrite sur la responsabilité humaine. La première question affirme la valeur de soi ; la
data/cards.ts,card-117,Pirké Avot 1:17 — Rabban Shimon ben Gamliel,Maimonide,true,likely-PD-or-traditional,"Cette formule paradoxale dans un traité d'éthique situe l'action au-dessus de l'étude. Non pas pour dévaluer la Torah, mais pour rappeler que la connaissance qu"
data/cards.ts,card-118,Pirké Avot 4:20 — Rabbi Meir,Nehama Leibowitz,true,COPYRIGHT (†1994 → 2064),"Cette maxime de Rabbi Meir est une invitation à dépasser les apparences. L'extérieur — rang social, beauté physique, vêtement — ne détermine pas la valeur intér"
data/cards.ts,card-119,Pirké Avot 3:10 — Rabbi Hanina ben Dosa,Rabbi Jonathan Sacks,true,COPYRIGHT (†2020 → 2090),L'approbation divine passe par l'approbation des créatures. Ce n'est pas une vision populiste de la vertu — c'est la reconnaissance que l'amour de Dieu et l'amo
data/cards.ts,card-120,Pirké Avot 4:10 — Rabbi Levitas d'Yavneh,Abraham Joshua Heschel,true,COPYRIGHT (†1972 → 2042),"L'humilité (anavah) n'est pas l'effacement de soi — c'est la reconnaissance que chaque être humain porte quelque chose que je ne possède pas. Heschel écrit : ""P"
data/cards.ts,card-121,Pirké Avot 2:5 — Hillel,Elie Wiesel,true,COPYRIGHT (†2016 → 2086),"Hillel décrit la responsabilité de celui qui voit un vide moral ou éthique : il doit le combler lui-même, plutôt que d'attendre les autres. Ce n'est pas de l'ar"
data/cards.ts,card-122,Pirké Avot 1:5 — Yosé ben Yohanan de Jérusalem,Rabbi Jonathan Sacks,true,COPYRIGHT (†2020 → 2090),"L'hospitalité (Hakhnasat Orchim) est une des grandes valeurs juives, fondée sur l'exemple d'Abraham. Mais cette mishnah va plus loin : les pauvres ne sont pas d"
data/cards.ts,card-123,Pirké Avot 2:4 — Hillel,Emmanuel Lévinas,true,COPYRIGHT (†1995 → 2065),"Cette injonction d'Hillel est l'essence de l'empathie. Avant de juger les choix ou les comportements d'autrui, il faut s'imaginer dans sa situation — avec ses p"
data/cards.ts,card-124,Pirké Avot 1:6 — Yehoshua ben Perachiah,Martin Buber,true,COPYRIGHT (†1965 → 2035),"Le verbe ""qneh"" (acquérir) est fort — comme on acquiert une propriété. L'amitié véritable demande un investissement actif. Le Talmud commente que le compagnon d"
data/cards.ts,card-125,Pirké Avot 4:1 — Ben Zoma,Nehama Leibowitz,true,COPYRIGHT (†1994 → 2064),"Ben Zoma renverse la définition conventionnelle du sage : ce n'est pas celui qui sait le plus, mais celui qui apprend de chacun. Cette humilité épistémique est"
data/cards.ts,card-126,Pirké Avot 4:1 — Ben Zoma,Rabbi Yisrael Salanter,true,likely-PD-or-traditional,"La force véritable, selon Ben Zoma, n'est pas physique ni militaire — c'est la maîtrise de soi. Dans un monde qui confond force et domination, cette définition"
data/cards.ts,card-127,Pirké Avot 4:1 — Ben Zoma,Rabbi Israel Baal Shem Tov,true,likely-PD-or-traditional,"La richesse redéfinie par Ben Zoma n'est pas l'accumulation mais la satisfaction. ""Sameach be-chelqo"" — se réjouir de sa part — est la pratique de la gratitude."
data/cards.ts,card-128,Pirké Avot 4:1 — Ben Zoma,Emmanuel Lévinas,true,COPYRIGHT (†1995 → 2065),"Le quatrième retournement de Ben Zoma : l'honneur véritable appartient à celui qui honore les autres, pas à celui qui cherche à être honoré. C'est la définition"
data/cards.ts,card-129,Pirké Avot 3:15 — Rabbi Akiva,Maimonide,true,likely-PD-or-traditional,Ce paradoxe fondamental de Rabbi Akiva articule la tension entre la Providence divine et la liberté humaine. Maimonide en fera une des bases de sa théologie. Le
data/cards.ts,card-130,Pirké Avot 3:14 — Rabbi Akiva,Abraham Joshua Heschel,true,COPYRIGHT (†1972 → 2042),"Rabbi Akiva proclame que chaque être humain est ""aimé"" (haviv) — non pas méritant ou vertueux, mais aimé inconditionnellement, parce que portant l'image de Dieu"
data/cards.ts,card-131,Pirké Avot 1:18 — Rabban Shimon ben Gamliel,Rabbi Jonathan Sacks,true,COPYRIGHT (†2020 → 2090),"Cette mishnah complète celle de Shimon HaTzaddik (Torah, Avoda, Gmilut Hasadim) en définissant les fondements d'une société juste. Justice, vérité et paix ne so"
data/cards.ts,card-132,Pirké Avot 1:15 — Shammaï,Rashi,true,likely-PD-or-traditional,"L'intégrité des paroles est au cœur de l'éthique juive. Surpasser sa promesse plutôt que la manquer est une forme de respect de l'autre. Abraham, qui court vers"
data/cards.ts,card-133,Pirké Avot 2:4 — Hillel,Rabbi Yisrael Salanter,true,likely-PD-or-traditional,Hillel met en garde contre la certitude de soi morale. Personne ne peut affirmer avec assurance qu'il n'est pas susceptible de tomber. Cette humilité épistémiqu
data/cards.ts,card-134,Pirké Avot 2:4 — Hillel,Nehama Leibowitz,true,COPYRIGHT (†1994 → 2064),"Hillel répond à la procrastination avec une lucidité poignante : le temps libre idéal n'arrive jamais. L'étude de la Torah, la prière, la pratique éthique ne pe"
data/cards.ts,card-135,Pirké Avot 2:7 — Hillel,Rabbi Isaac Louria,true,likely-PD-or-traditional,"La sagesse et la compréhension se nourrissent mutuellement dans la vision d'Hillel. La ""hochma"" (sagesse) et la ""bina"" (compréhension) sont deux des Sefirot de"
data/cards.ts,card-136,Pirké Avot 2:7 — Hillel,Rabbi Jonathan Sacks,true,COPYRIGHT (†2020 → 2090),Hillel relie directement la tsedaka (justice redistributive) à la paix. Ce n'est pas un idéalisme naïf — c'est une observation sociologique profonde : les socié
data/cards.ts,card-137,Pirké Avot 3:17 — Rabbi Elazar ben Azaria,Rabbi Samson Raphael Hirsch,true,likely-PD-or-traditional,"""Derech eretz"" — la conduite humaine, la civilité, le savoir-vivre — et la Torah sont indissociables. La Torah sans éthique civile tourne en fanatisme ; l'éthiq"
data/cards.ts,card-138,Pirké Avot 4:21 — Rabbi Elazar HaKappar,Rabbi Yisrael Salanter,true,likely-PD-or-traditional,"Rabbi Elazar HaKappar identifie les trois poisons spirituels qui détruisent la paix intérieure et la vie sociale. ""Hors du monde"" (min ha-olam) signifie à la fo"
data/cards.ts,card-139,Pirké Avot 2:13 — Rabbi Shimon ben Netanel,Abraham Joshua Heschel,true,COPYRIGHT (†1972 → 2042),La prière lente et approfondie (arech bitefillato) est associée à une vie longue. Ce n'est pas une superstition mais une psychologie profonde : la contemplation
data/cards.ts,card-140,"Talmud Bavli, Sanhedrin 37a",Elie Wiesel,true,COPYRIGHT (†2016 → 2086),Ce passage du Talmud est l'un des plus cités de la tradition juive. Il fonde l'obligation de sauvegarder la vie humaine (pikuach nefech) sur la reconnaissance q
data/cards.ts,card-141,Pirké Avot 2:1 — Rabbi Yehudah HaNasi,Maimonide,true,likely-PD-or-traditional,Rabbi Yehudah HaNasi offre une double grille pour évaluer le bien : la cohérence intérieure (l'action honore son auteur) et l'approbation sociale (elle est reco
data/cards.ts,card-142,Pirké Avot 2:10 — Rabbi Eliezer ben Hyrcanus,Nehama Leibowitz,true,COPYRIGHT (†1994 → 2064),Cette métaphore saisissante enseigne qu'approcher la sagesse demande un respect profond. La Torah n'est pas un livre d'informations neutres — c'est un feu vif q
data/cards.ts,card-143,Pirké Avot 6:6,Rabbi Jonathan Sacks,true,COPYRIGHT (†2020 → 2090),"Cette déclaration sur les disciples de sages exprime un idéal communautaire : voir dans chaque étudiant de Torah, quelle que soit son origine, un être aimé, pur"
data/cards.ts,card-144,Pirké Avot 4:4 — Rabbi Yohanan HaSandlar,Maimonide,true,likely-PD-or-traditional,Le Hilloul Hashem (profanation du Nom) n'est pas seulement une question de blasphème verbal — c'est toute conduite qui donne une mauvaise image du judaïsme ou d
data/cards.ts,card-145,Pirké Avot 2:1 — Rabbi Yehudah HaNasi,Rabbi Yisrael Salanter,true,likely-PD-or-traditional,Cette méditation sur la conscience de Dieu est un antidote puissant à l'orgueil et à l'impulsivité morale. Savoir que nos actes sont observés et auront des cons
data/cards.ts,card-146,Pirké Avot 4:10 — Rabbi Levitas de Yavneh,Abraham Joshua Heschel,true,COPYRIGHT (†1972 → 2042),"""Shpal ruach"" — bas d'esprit, humble — ne signifie pas être faible ou effacé. C'est la reconnaissance que chaque être porte quelque chose que je ne possède pas."
data/cards.ts,card-147,"Talmud Bavli, Berakhot 5a",Rabbi Joseph B. Soloveitchik,true,COPYRIGHT (†1993 → 2063),"Le Talmud décrit les épreuves (Yissurin) comme des occasions de croissance spirituelle. Ce qui est perdu dans la douleur — certaines illusions, certains attache"
data/cards.ts,card-148,Pirké Avot 6:2,Rashi,true,likely-PD-or-traditional,"La relation maître-disciple dans la tradition juive est sanctifiée. Servir son maître — lui apporter de l'eau, préparer sa place, écouter ses paroles — est une"
data/cards.ts,card-149,Pirké Avot 2:14 — Rabbi Tarfon,Maimonide,true,likely-PD-or-traditional,"Rabbi Tarfon enseigne que la conscience du regard divin transforme tout travail en service. Cette ""intention"" (kavanah) est l'une des notions les plus important"
data/cards.ts,card-150,Pirké Avot 2:16 — Rabbi Tarfon,Rabbi Jonathan Sacks,true,COPYRIGHT (†2020 → 2090),Cette maxime de Rabbi Tarfon est la réponse juive à toute paralysie devant l'ampleur des défis du monde. L'idéal de Tikun Olam (réparation du monde) n'exige pas
data/cards.ts,card-151,Vayikra 19:18,Emmanuel Lévinas,true,COPYRIGHT (†1995 → 2065),"Rabbi Akiva proclamait ce verset comme le grand principe de toute la Torah. Hillel le reformule négativement : ""Ce qui t'est odieux, ne le fais pas à ton procha"
data/cards.ts,card-152,Vayikra 19:2,Nehama Leibowitz,true,COPYRIGHT (†1994 → 2064),Le chapitre de la Sainteté (Parashat Kedoshim) est le cœur éthique de la Torah. L'invitation à la sainteté n'est pas réservée à une élite monastique — elle s'ad
data/cards.ts,card-153,Vayikra 19:18,Rabbi Jonathan Sacks,true,COPYRIGHT (†2020 → 2090),L'interdiction de la vengeance et du rancœur dans la Torah précède le commandement d'amour du prochain. La Torah reconnaît que la vengeance est une pulsion natu
data/cards.ts,card-154,Vayikra 19:32,Maimonide,true,likely-PD-or-traditional,"Le respect des personnes âgées est un commandement de la Torah — et la Halakha l'étend à toute personne de plus de 70 ans, juive ou non. Le Talmud enseigne : ""S"
data/cards.ts,card-155,Bamidbar 6:24-25 — Birkat Kohanim,Abraham Joshua Heschel,true,COPYRIGHT (†1972 → 2042),La Bénédiction des Cohanim est la plus ancienne prière connue du monde — retrouvée gravée sur argent à Jérusalem (VIIe s. av. J.-C.). Sa structure tripartite pr
data/cards.ts,card-156,Bamidbar 6:26 — Birkat Kohanim (3e verset),Abraham Joshua Heschel,true,COPYRIGHT (†1972 → 2042),Le troisième verset de la Bénédiction des Cohanim culmine sur la paix (shalom). La paix n'est pas la simple absence de guerre — c'est la plénitude de l'être (sh
data/cards.ts,card-157,Devarim 6:4,Rabbi Joseph B. Soloveitchik,true,COPYRIGHT (†1993 → 2063),"Le Shema est la profession de foi centrale du judaïsme. ""Écoute"" (Shema) — pas ""crois"" ou ""proclame"" — demande d'abord d'entendre. L'unité de Dieu n'est pas seu"
data/cards.ts,card-158,Devarim 6:5 — Ve'ahavta,Maimonide,true,likely-PD-or-traditional,"Le Ve'ahavta (tu aimeras) est l'un des deux grands commandements que Jésus citera pour résumer toute la Torah. Aimer de ""tout son meod"" (toute sa force, toutes"
data/cards.ts,card-159,Devarim 30:19,Rabbi Jonathan Sacks,true,COPYRIGHT (†2020 → 2090),Ces mots de Moïse à la fin de sa vie sont l'un des appels les plus directs de la Torah. La liberté humaine est réelle — il y a un choix à faire. Et Dieu lui-mêm
data/cards.ts,card-160,Devarim 30:14,Nehama Leibowitz,true,COPYRIGHT (†1994 → 2064),"Moïse répond à l'excuse ""la Torah est trop haute, trop lointaine"" en affirmant : elle est très proche. Elle n'est pas dans les cieux ni au-delà des mers — elle"
data/cards.ts,card-161,Tehillim 1:1,Abraham Joshua Heschel,true,COPYRIGHT (†1972 → 2042),"Le premier Psaume ouvre le Livre de la Louange avec une béatitude. ""Ashrei"" — heureux — ne désigne pas un bonheur passager mais une félicité profonde. La félici"
data/cards.ts,card-162,Tehillim 23:1,Elie Wiesel,true,COPYRIGHT (†2016 → 2086),"Le Psaume 23 est le psaume le plus récité du monde, dans les funérailles comme dans les naissances. L'image du berger est universelle — tendresse et protection"
data/cards.ts,card-163,Tehillim 23:4,Elie Wiesel,true,COPYRIGHT (†2016 → 2086),"Ce verset a accompagné des générations de mourants, de persécutés, de prisonniers. La présence divine ne supprime pas la vallée sombre — elle la traverse avec n"
data/cards.ts,card-164,Tehillim 27:1,Rabbi Joseph B. Soloveitchik,true,COPYRIGHT (†1993 → 2063),David chante cette confiance absolue dans un psaume liturgique récité pendant le mois d'Eloul (avant Rosh Hashana). La lumière de Dieu ne dispense pas des ténèb
data/cards.ts,card-165,Tehillim 27:4,Abraham Joshua Heschel,true,COPYRIGHT (†1972 → 2042),"David réduit toute prière à une seule demande : la présence divine. Non pas la santé, ni la richesse, ni la victoire — mais la demeure en Dieu. Heschel : ""Le bu"
data/cards.ts,card-166,Tehillim 34:9,Rabbi Israel Baal Shem Tov,true,likely-PD-or-traditional,"""Goûter"" la bonté divine est une invitation à l'expérience directe, pas seulement à la croyance théorique. Le mysticisme juif (souffrant avec bonheur) est préci"
data/cards.ts,card-167,Tehillim 51:19,Rabbi Nachman de Breslev,true,likely-PD-or-traditional,"Le Psaume 51 est le grand psaume de Teshuvah, composé par David après sa faute avec Bethsabée. La ligne finale est l'une des plus émouvantes de la Bible : Dieu"
data/cards.ts,card-168,Tehillim 51:12,Maimonide,true,likely-PD-or-traditional,"David demande non pas un ""cœur amélioré"" mais un ""lev tahor"" — un cœur pur, comme neuf, créé de rien. La Teshuvah profonde n'est pas une réparation mais une rec"
data/cards.ts,card-169,Tehillim 36:10,Rabbi Isaac Louria,true,likely-PD-or-traditional,"Cette formule mystique est l'une des plus belles de la Bible hébraïque. ""Dans ta lumière nous voyons la lumière"" (be-orcha nireh or) décrit l'expérience mystiqu"
data/cards.ts,card-170,Tehillim 133:1,Martin Buber,true,COPYRIGHT (†1965 → 2035),"Ce psaume bref chante la fraternité. ""Gam yachad"" — ensemble dans l'unité — exprime quelque chose de plus que la cohabitation : une harmonie profonde, une conve"
data/cards.ts,card-171,Tehillim 137:1,Elie Wiesel,true,COPYRIGHT (†2016 → 2086),Ce psaume de l'exil est peut-être le plus émouvant de la Bible. Les exilés refusent de chanter — leurs harpes sont suspendues aux saules. Le souvenir de Jérusal
data/cards.ts,card-172,Tehillim 138:6 (cf. Jérémie 31:3),Franz Rosenzweig,true,likely-PD-or-traditional,"Cette formule du prophète Jérémie, reprise dans les Psaumes, décrit l'expérience de la présence divine à travers la distance. Dieu ne se révèle souvent que dans"
data/cards.ts,card-173,Tehillim 139:7,Abraham Joshua Heschel,true,COPYRIGHT (†1972 → 2042),"Le Psaume 139 est l'expression la plus complète de l'omniprésence divine dans la Bible. Dieu est dans les cieux et dans le séjour des morts, à l'aube et aux ext"
data/cards.ts,card-174,Tehillim 139:14,Nehama Leibowitz,true,COPYRIGHT (†1994 → 2064),"David remercie Dieu pour la complexité même de son être. ""Niflaythi"" — j'ai été façonné de manière merveilleuse — est une méditation sur la préciosité de chaque"
data/cards.ts,card-175,Tehillim 19:2,Abraham Joshua Heschel,true,COPYRIGHT (†1972 → 2042),"Heschel appelle ""étonnement radical"" (radical amazement) cette capacité à entendre dans la création un message divin. Le Psaume 19 affirme que le cosmos est une"
data/cards.ts,card-176,Tehillim 29:11,Rabbi Jonathan Sacks,true,COPYRIGHT (†2020 → 2090),"Ce verset conclut un psaume de la tempête cosmique. Après la puissance et le tonnerre de Dieu sur les eaux, vient la bénédiction de paix pour son peuple. La pai"
data/cards.ts,card-177,Tehillim 96:1,Abraham Joshua Heschel,true,COPYRIGHT (†1972 → 2042),"L'invitation à un ""shir hadash"" — un cantique nouveau — est un motif qui parcourt les Psaumes, Isaïe et l'Apocalypse. La rencontre avec Dieu n'est jamais répéti"
data/cards.ts,card-178,Tehillim 118:5,Rabbi Nachman de Breslev,true,likely-PD-or-traditional,"Le passage de ""metzar"" (étroitesse, détresse) à ""merchav"" (espace large) est le mouvement central de toute l'expérience religieuse. Ce n'est pas la suppression"
data/cards.ts,card-179,Tehillim 118:24,Abraham Joshua Heschel,true,COPYRIGHT (†1972 → 2042),"Ce verset du Hallel (Psaumes 113-118) est chanté à Pessah et lors de toutes les fêtes. ""Ce jour"" n'est pas seulement un jour historique — c'est chaque jour vécu"
data/cards.ts,card-180,Tehillim 150:1,Rabbi Israel Baal Shem Tov,true,likely-PD-or-traditional,"Le livre des Psaumes se clôt sur un crescendo de louange. Le Psaume 150 est une invitation universelle — tous les instruments, tous les êtres, toute créature do"
data/cards.ts,card-181,"Talmud Bavli, Sanhedrin 37a",Emmanuel Lévinas,true,COPYRIGHT (†1995 → 2065),"Cette affirmation talmudique bouleversante fonde la dignité absolue de chaque être humain. Non pas ""pour nous"" collectivement, mais ""pour moi"" individuellement."
data/cards.ts,card-182,"Talmud Bavli, Sanhedrin 37a",Rabbi Jonathan Sacks,true,COPYRIGHT (†2020 → 2090),"Ce principe est la base même de l'éthique médicale juive et du commandement de pikuach nefech (sauver une vie). Si chaque être humain est un monde, alors chaque"
data/cards.ts,card-183,"Talmud Yerushalmi, Pea 1:1",Rabbi Jonathan Sacks,true,COPYRIGHT (†2020 → 2090),Le Talmud de Jérusalem place la paix au sommet de la hiérarchie des valeurs. La Torah entière — tous ses commandements — est à mettre dans la balance contre la
data/cards.ts,card-184,"Talmud Bavli, Taanit 20a",Nehama Leibowitz,true,COPYRIGHT (†1994 → 2064),"Le roseau (qaneh) plie dans le vent sans se briser, contrairement au cèdre rigide qui s'abat dans la tempête. Cette métaphore talmudique enseigne la douceur des"
data/cards.ts,card-185,"Talmud Bavli, Yoma 87a",Maimonide,true,likely-PD-or-traditional,"La Halakha du pardon est délicate : l'offensé n'est pas obligé de pardonner à la première demande (ce serait dévaluer la douleur), mais refuser trois demandes s"
data/cards.ts,card-186,"Talmud Bavli, Bava Metzia 58b",Emmanuel Lévinas,true,COPYRIGHT (†1995 → 2065),La honte publique est comparée au meurtre dans le Talmud — car le sang quitte le visage du honteux comme il quitte le corps du mort. Cette hyperbole délibérée e
data/cards.ts,card-187,"Talmud Bavli, Sanhedrin 106b",Maimonide,true,likely-PD-or-traditional,"Cette formule araméenne du Talmud est la réponse aux questions de légalisme externe : ce que Dieu demande en premier lieu, c'est l'intention du cœur (kavanah)."
data/cards.ts,card-188,"Talmud Bavli, Berachot 5a",Rabbi Nachman de Breslev,true,likely-PD-or-traditional,"L'étude de la Torah n'est pas seulement intellectuelle — elle est expiatoire, transformatrice, purificatrice. Les rabbins voyaient dans l'étude un rite sacré de"
data/cards.ts,card-189,"Talmud Bavli, Avoda Zara 17b (cf. Pirké Avot 4:20)",Rabbi Levi Yitzhak de Berditchev,true,likely-PD-or-traditional,"Cette maxime talmudique encourage à chercher la sagesse partout, même dans les sources inattendues. Le Rabbi de Berditchev aimait raconter comment il apprit une"
data/cards.ts,card-190,"Talmud Yerushalmi, Makkot 2:6",Maimonide,true,likely-PD-or-traditional,"Ce dialogue symbolique révèle une conception profonde du châtiment : il n'est pas une punition extérieure imposée, mais la conséquence naturelle de l'acte lui-m"
data/cards.ts,card-191,"Maimonide — Michné Torah, Hilkhot De'ot 2:3",Maimonide,true,likely-PD-or-traditional,"Maimonide enseigne la théorie des vertus par le ""juste milieu"" (derekh ha-emtza) : la vertu est un équilibre entre deux extrêmes. Mais il reconnaît qu'en matièr"
data/cards.ts,card-192,Maimonide — Moreh Nevukhim I:35,Maimonide,true,likely-PD-or-traditional,La théologie négative de Maimonide (via negativa) enseigne qu'on ne peut dire de Dieu que ce qu'il n'est pas — car toute affirmation positive le limiterait. Mai
data/cards.ts,card-193,"Maimonide — Michné Torah, Hilkhot Teshuvah 2:1",Maimonide,true,likely-PD-or-traditional,La définition maimonidéenne de la Teshuvah est exigeante : elle ne se mesure pas aux larmes ou aux paroles mais au comportement face à la même situation. Le rep
data/cards.ts,card-194,Maimonide — Introduction à Pirké Avot (Shemonah Perakim),Maimonide,true,likely-PD-or-traditional,"Pour Maimonide, la foi (Emunah) n'est pas un acte aveugle mais une conviction intellectuelle fondée sur la connaissance de Dieu. Plus on le connaît, plus on l'a"
data/cards.ts,card-195,"Maimonide — Michné Torah, Hilkhot De'ot 1:5",Maimonide,true,likely-PD-or-traditional,Maimonide fait du travail sur soi (tikkun hamidot — la rectification des traits de caractère) un commandement de la Torah à part entière. La spiritualité juive
data/cards.ts,card-196,Liqoutey Moharan II:48 — Rabbi Nahman de Breslev,Rabbi Nachman de Breslev,true,likely-PD-or-traditional,"Cette maxime est devenue l'hymne du hassidisme breslevien. Le monde est dangereux, incertain, étroit comme un pont — mais la réponse n'est pas de s'arrêter ni d"
data/cards.ts,card-197,Liqoutey Moharan I:6 — Rabbi Nahman de Breslev,Rabbi Nachman de Breslev,true,likely-PD-or-traditional,"Le combat de Rabbi Nahman contre le désespoir (yiush) est central dans sa pensée. Même le plus grand pécheur, même le plus éloigné, peut revenir — car Dieu est"
data/cards.ts,card-198,Liqoutey Moharan II:24 — Rabbi Nahman de Breslev,Rabbi Israel Baal Shem Tov,true,likely-PD-or-traditional,"Pour Rabbi Nahman, la joie (Simcha) n'est pas une option émotionnelle mais un commandement spirituel fondamental. Être dans la joie, c'est être dans la présence"
data/cards.ts,card-199,Liqoutey Eitzot — Rabbi Nahman de Breslev,Rabbi Nachman de Breslev,true,likely-PD-or-traditional,L'hitbodedut (prière personnelle improvisée en langue vernaculaire) est le cœur de la pratique breslevienne. Pas de liturgie formelle — juste une conversation d
data/cards.ts,card-200,Liqoutey Moharan II:112 — Rabbi Nahman de Breslev,Rabbi Nachman de Breslev,true,likely-PD-or-traditional,"Le principe de Tikun (réparation) est symétrique au principe de bris : si une chose peut être cassée, elle peut être réparée. Rabbi Nahman applique cela à l'âme"
data/cards.ts,card-201,Liqoutey Moharan I:4 — Rabbi Nahman de Breslev,Rabbi Nachman de Breslev,true,likely-PD-or-traditional,"Rabbi Nahman reprend la formule talmudique de Sanhedrin 37a pour lui donner une résonance hassidique : chaque âme est unique, irremplaçable, et la Torah s'adres"
data/cards.ts,card-202,Sichot HaRan 45 — Rabbi Nahman de Breslev,Rabbi Nachman de Breslev,true,likely-PD-or-traditional,Rabbi Nahman ne prescrit pas de silencieuse résignation face à la chute spirituelle — il prescrit le cri. Tza'ak (crier vers Dieu) est une forme authentique de
data/cards.ts,card-203,Tehillim 32:10,Bahya ibn Paquda,true,likely-PD-or-traditional,"Le Bitachon (confiance en Dieu) est un des thèmes centraux du Hovot HaLevavot (Devoirs du Cœur) de Bahya ibn Paquda, et de toute la spiritualité juive. Ce n'est"
data/cards.ts,card-204,Sichot HaRan 155 — Rabbi Nahman de Breslev,Rabbi Nachman de Breslev,true,likely-PD-or-traditional,"Cette conviction de la renewabilité quotidienne est au cœur du hassidisme. Chaque matin, lors du lever, on dit : ""Je te remercie, Roi vivant et éternel, de m'av"
data/cards.ts,card-205,"Talmud Bavli, Megillah 31a",Abraham Joshua Heschel,true,COPYRIGHT (†1972 → 2042),Le Talmud révèle paradoxalement que la grandeur absolue de Dieu s'exprime dans son humilité. Il crée un monde pour des êtres limités et fait alliance avec eux.
data/cards.ts,card-206,Pirké Avot 3:5 — Rabbi Nehounyah ben Hakana,Rabbi Joseph B. Soloveitchik,true,COPYRIGHT (†1993 → 2063),"Cette promesse paradoxale dit que la Torah libère plutôt qu'elle n'opprime. Le joug de la Torah — ses commandements, ses études — remplace les angoisses plus lo"
data/cards.ts,card-207,Pirké Avot 5:19,Nehama Leibowitz,true,COPYRIGHT (†1994 → 2064),"La Mishna identifie les qualités des disciples d'Abraham par opposition à ceux de Bilaam : générosité du regard (ayin tova), humilité d'esprit, contentement de"
data/cards.ts,card-208,Chofetz Chaim — Ahavat Chesed I:1,Chofetz Chaim,true,likely-PD-or-traditional,"Le Chofetz Chaim (Rabbi Israël Meir Kagan) enseigne une empathie radicale : pour comprendre l'autre, commence par toi-même. Nos propres désirs, peurs et souffra"
data/cards.ts,card-209,"Talmud Bavli, Arachin 15b",Chofetz Chaim,true,likely-PD-or-traditional,Le Chofetz Chaim a consacré toute son œuvre à la guérison du lashon hara (médisance). Ce passage du Talmud révèle l'étendue du dommage : la parole malveillante
data/cards.ts,card-210,Tehillim 107:42,Abraham Joshua Heschel,true,COPYRIGHT (†1972 → 2042),"La joie des justes devant les œuvres de Dieu est une récompense spirituelle, pas seulement eschatologique. Voir juste — percevoir la main de Dieu dans l'histoir"
data/cards.ts,card-211,"Rav Kook, Orot HaTeshuvah 1:1",Rav Kook,true,PD (†1935),"Pour Rav Kook, la teshuvah est un phénomène cosmique avant d'être personnel. Elle est inscrite dans la structure même de l'existence. Chaque élan vers le bien,"
data/cards.ts,card-212,"Rav Kook, Orot HaKodesh II",Rav Kook,true,PD (†1935),Rav Kook voyait dans l'amour du peuple juif non pas un particularisme ethnique mais l'amour pour l'étincelle divine collective portée par ce peuple. La nation d
data/cards.ts,card-213,"Rav Kook, Orot HaKodesh III",Rav Kook,true,PD (†1935),"La pensée de Rav Kook brise la frontière entre sacré et profane. Le monde moderne, l'art, la science, même le sionisme laïque — tout cela porte des étincelles d"
data/cards.ts,card-214,"Rav Kook, Orot HaTeshuvah 14:5",Rav Kook,true,PD (†1935),"Contre une tradition de teshuvah marquée par le deuil et l'auto-flagellation, Rav Kook insiste sur la joie comme moteur du retour. La teshuvah véritable naît de"
data/cards.ts,card-215,"Rav Kook, Orot HaEmunah",Rav Kook,true,PD (†1935),"Rav Kook n'ignorait pas les doutes modernes — il les intégrait. Pour lui, la foi véritable n'est pas l'absence de questionnement mais quelque chose qui transcen"
data/cards.ts,card-216,"Rav Kook, Orot HaKodesh II",Rav Kook,true,PD (†1935),La mystique de Rav Kook voit une âme collective (neshama klalit) portée par chaque juif. Cela signifie que les actes de l'individu ont des répercussions collect
data/cards.ts,card-217,"Rav Kook, Orot HaTeshuvah 6",Rav Kook,true,PD (†1935),"Rav Kook étend la teshuvah à une dimension civilisationnelle. La crise moderne — guerres, injustices, aliénation — est le symptôme d'une teshuvah cosmique qui s"
data/cards.ts,card-218,"Rav Kook, Igrot HaRaAYaH I",Rav Kook,true,PD (†1935),"Rav Kook fut un des premiers penseurs religieux à embrasser pleinement l'évolutionnisme, y voyant une confirmation de la vision kabbalistique d'un univers en mo"
data/cards.ts,card-219,"Rav Kook, Olat HaRaAYaH I",Rav Kook,true,PD (†1935),"Pour Rav Kook, la prière n'est pas d'abord une demande adressée à Dieu mais une élévation de soi vers Dieu. Elle n'est pas une technique de communication mais u"
data/cards.ts,card-220,"Rav Kook, Midot HaRaAYaH",Rav Kook,true,PD (†1935),Rav Kook rejoint les prophètes dans leur vision universaliste. Le judaïsme n'est pas un particularisme clos mais le porteur d'un message destiné à toute l'human
data/cards.ts,card-221,"Chofetz Chaim, Introduction au Sefer Chofetz Chaim",Chofetz Chaim,true,likely-PD-or-traditional,Rabbi Israël Meir Kagan (1838-1933) a consacré son chef-d'œuvre à un seul sujet : les lois du lashon hara (médisance). Son insight fondamental : la plupart des
data/cards.ts,card-222,Tehillim 34:14 — cité par Chofetz Chaim,Chofetz Chaim,true,likely-PD-or-traditional,Le Chofetz Chaim voit dans ce verset de David le programme d'une vie spirituelle entière. Garder la langue du mal dépasse ne pas mentir : c'est choisir chaque m
data/cards.ts,card-223,"Chofetz Chaim, Ahavat Chesed I:1",Chofetz Chaim,true,likely-PD-or-traditional,"Dans Ahavat Chesed, le Chofetz Chaim développe la dimension positive : aimer faire le bien. Contre une religiosité purement défensive, il célèbre l'activation d"
data/cards.ts,card-224,"Chofetz Chaim, Shmirat HaLashon",Chofetz Chaim,true,likely-PD-or-traditional,"Le Chofetz Chaim vivait avec une conscience aiguë de la valeur du temps. Chaque heure est un don, non un droit. La prolixité, les bavardages sans but, les distr"
data/cards.ts,card-225,"Chofetz Chaim, Shmirat HaLashon II",Chofetz Chaim,true,likely-PD-or-traditional,"Pour le Chofetz Chaim, la yirat shamayim n'est pas la peur d'un policier divin mais une conscience constante de la présence divine. Cette conscience est ce qui"
data/cards.ts,card-226,"Chofetz Chaim, Ahavat Chesed III",Chofetz Chaim,true,likely-PD-or-traditional,Le Chofetz Chaim enseignait que les grandes vertus commencent à la maison. Le shalom bayit (paix du foyer) est une pratique quotidienne : choisir la conciliatio
data/cards.ts,card-227,"Chofetz Chaim, Ahavat Chesed II:17",Chofetz Chaim,true,likely-PD-or-traditional,"Le Chofetz Chaim soulignait que même de petits actes de charité comptent. La régularité, la conscience et le cœur derrière le geste importent autant que la quan"
data/cards.ts,card-228,"Talmud Bavli, Shabbat 55a — cité par Chofetz Chaim",Chofetz Chaim,true,likely-PD-or-traditional,"Le Chofetz Chaim enseignait que la vérité n'est pas seulement un idéal moral mais l'essence même de Dieu. Mentir, c'est s'éloigner du divin. Dire la vérité — mê"
data/cards.ts,card-229,"Chofetz Chaim, Introduction au Mishnah Berura",Chofetz Chaim,true,likely-PD-or-traditional,Le Mishnah Berura du Chofetz Chaim est une œuvre monumentale de halakha pratique. Derrière la technicité juridique se cache une vision unifiante : les lois ne s
data/cards.ts,card-230,Tehillim 32:10 — cité par Chofetz Chaim,Chofetz Chaim,true,likely-PD-or-traditional,Le Chofetz Chaim distinguait emunah (croire que Dieu existe) de bitachon (se fier à Dieu au quotidien). Le bitachon est une attitude pratique : s'efforcer humai
data/cards.ts,card-231,"Ramban, Iggeret HaRamban",Ramban,true,likely-PD-or-traditional,"L'Iggeret HaRamban est une lettre de Nahmanide à son fils, devenue l'un des textes de Musar les plus lus au monde. L'humilité est son pilier central. Parler dou"
data/cards.ts,card-232,"Ramban, Commentaire sur la Torah — Shemot 13:16",Ramban,true,likely-PD-or-traditional,"Le Ramban enseigne une vision providentialiste radicale : ce qu'on appelle ""hasard"" est en réalité un miracle caché (neis nistar). Reconnaître cela n'est pas na"
data/cards.ts,card-233,"Ramban, Iggeret HaRamban (version étendue)",Ramban,true,likely-PD-or-traditional,"L'urgence de l'étude chez le Ramban n'est pas anxiété mais amour. Étudier ""comme si c'était le dernier jour"" est une méditation sur la finitude qui libère pour"
data/cards.ts,card-234,"Ramban, Sha'ar HaGemul",Ramban,true,likely-PD-or-traditional,"Dans son Sha'ar HaGemul, le Ramban explore la vie après la mort avec précision philosophique. Sa thèse centrale : ce monde n'est pas la fin mais la préparation."
data/cards.ts,card-235,"Ramban, Commentaire sur Vayikra 19:2",Ramban,true,likely-PD-or-traditional,"Le Ramban innove ici une catégorie morale essentielle : le ""naval birshut haTorah"" — celui qui fait des choses techniquement autorisées mais dans un esprit cont"
data/cards.ts,card-236,"Ramchal, Messilat Yesharim 1:1",Ramchal,true,likely-PD-or-traditional,"Le Messilat Yesharim (La Voie des Justes, 1740) de Rabbi Moshe Chaim Luzzatto ouvre sur cette question fondamentale : pourquoi sommes-nous ici ? La vigilance (z"
data/cards.ts,card-237,"Ramchal, Messilat Yesharim, chapitre 19",Ramchal,true,likely-PD-or-traditional,Le Ramchal décrit une échelle de vertus allant de la zehirut (vigilance) à la kedushah (sainteté). La hasidut — la piété véritable — est le degré où l'on agit n
data/cards.ts,card-238,"Ramchal, Derekh Hashem 1:2",Ramchal,true,likely-PD-or-traditional,"Dans Derekh Hashem, le Ramchal pose la question fondamentale : pourquoi Dieu a-t-Il créé le monde ? Sa réponse : pour le pur bien des créatures. Dieu ne manque"
data/cards.ts,card-239,"Ramchal, Messilat Yesharim, chapitre 10",Ramchal,true,likely-PD-or-traditional,Le Ramchal distingue le Musar externe (les actes) du Musar interne (les motivations). La nekiyut consiste à purifier même les intentions cachées. Il ne suffit p
data/cards.ts,card-240,"Ramchal, Messilat Yesharim, chapitre 26",Ramchal,true,likely-PD-or-traditional,Le Messilat Yesharim culmine dans l'ahavat Hashem — l'amour de Dieu. Ce n'est pas un sentiment romantique mais une aspiration de tout l'être vers la source de t
data/cards.ts,card-241,"Sfat Emet, Bereshit 5631",Sfat Emet,true,likely-PD-or-traditional,"Le Sfat Emet (Rabbi Yehudah Aryeh Leib Alter, 1847-1905) enseigne que chaque être, chaque événement contient une nekudat ha-emet — un point de vérité divine. La"
data/cards.ts,card-242,"Sfat Emet, Shabbat 5632",Sfat Emet,true,likely-PD-or-traditional,"Pour le Sfat Emet, chaque semaine est orientée vers le Shabbat comme vers sa vérité intérieure. Les six jours sont des préparations — le Shabbat révèle le sens"
data/cards.ts,card-243,"Sfat Emet, Rosh HaShanah 5641",Sfat Emet,true,likely-PD-or-traditional,Le concept de hithadeshot (renouvellement) est central chez le Sfat Emet. Chaque matin est une résurrection partielle. Rien ne doit être pris pour acquis — ni l
data/cards.ts,card-244,"Sfat Emet, Vayeira 5636",Sfat Emet,true,likely-PD-or-traditional,"La théologie du Sfat Emet est profondément mystique : l'étincelle divine (nitzutz) est présente en tout être. Voir cette étincelle dans l'autre — dans l'ennemi,"
data/cards.ts,card-245,"Sfat Emet, Pesach 5639",Sfat Emet,true,likely-PD-or-traditional,"Le Sfat Emet interprète la sortie d'Égypte comme un processus intérieur perpétuel. ""Mitzraim"" signifie aussi ""étroitesse"" — l'étroitesse de nos perspectives, de"
data/cards.ts,card-246,"Sfat Emet, Shavuot 5633",Sfat Emet,true,likely-PD-or-traditional,"Pour le Sfat Emet, l'étude de la Torah n'est pas une activité intellectuelle parmi d'autres — c'est le contact avec la source divine de vie. Chaque mot de Torah"
data/cards.ts,card-247,"Sfat Emet, Sukkot 5635",Sfat Emet,true,likely-PD-or-traditional,"Le Sfat Emet, héritier de la tradition hassidique, insiste sur la joie dans le service divin. ""Ivdu et Hashem b'simcha"" (Ps 100:2) n'est pas une suggestion mais"
data/cards.ts,card-248,"Sfat Emet, Rosh HaShanah 5644",Sfat Emet,true,likely-PD-or-traditional,"Le Sfat Emet voit Rosh HaShanah non comme un jugement mais comme une re-création. Chaque année, le monde reçoit une nouvelle vitalité divine. L'homme qui se pré"
data/cards.ts,card-249,"Sfat Emet, Nitzavim 5648",Sfat Emet,true,likely-PD-or-traditional,"Cette affirmation du Sfat Emet est profondément libératrice : peu importent les fautes, il existe en nous un noyau d'âme indestructible. Ce ""point intérieur"" es"
data/cards.ts,card-250,"Sfat Emet, Vaetchanan 5637",Sfat Emet,true,likely-PD-or-traditional,"Le Sfat Emet suit le Talmud : ""Quelle est l'avodah (service) du cœur ? La prière."" La vraie prière n'est pas récitation mais révélation : en priant, on découvre"
data/cards.ts,card-251,Zohar I:1a (araméen),Baal Shem Tov,true,likely-PD-or-traditional,"Le Zohar (Livre de la Splendeur, XIIIe s.) voit dans le premier mot de la Torah un univers de mystères. Chaque lettre hébraïque est une porte ; chaque mot une f"
data/cards.ts,card-252,"Ari (Rabbi Yitzhak Luria), Sha'ar HaKavanot",Baal Shem Tov,true,likely-PD-or-traditional,"Rabbi Yitzhak Luria (1534-1572) développe la doctrine kabbalistique du tikkun : à la suite du shvivat hakelim (brisure des vases), des étincelles divines sont t"
data/cards.ts,card-253,"Baal Shem Tov, Keter Shem Tov",Baal Shem Tov,true,likely-PD-or-traditional,"La devekut (communion avec Dieu) est au cœur de la mystique du Baal Shem Tov. Contrairement aux ascètes qui se retirent du monde pour trouver Dieu, il enseigne"
data/cards.ts,card-254,"Baal Shem Tov, Toledot Yaakov Yosef",Baal Shem Tov,true,likely-PD-or-traditional,"Le Baal Shem Tov a révolutionné le judaïsme en ouvrant la spiritualité aux ""simples"" — ceux qui ne pouvaient étudier les textes. La sincérité du berger qui chan"
data/cards.ts,card-255,"Abraham Joshua Heschel, God in Search of Man",Heschel,true,COPYRIGHT (†1972 → 2042),Heschel voyait dans l'étonnement (wonder) le fondement de la vie religieuse. L'être humain qui ne s'étonne plus de l'existence — du fait qu'il y ait quelque cho
data/cards.ts,card-256,"Abraham Joshua Heschel, The Sabbath (1951)",Heschel,true,COPYRIGHT (†1972 → 2042),"Dans The Sabbath, Heschel oppose la civilisation de l'espace (qui domine, bâtit, possède) à la civilisation du temps (qui sanctifie, repose, contemple). Le Shab"
data/cards.ts,card-257,"Abraham Joshua Heschel, The Prophets",Heschel,true,COPYRIGHT (†1972 → 2042),"Dans The Prophets, Heschel révolutionne la lecture prophétique. Les prophètes ne sont pas des devins — ils sont des hommes touchés par le pathos divin, la souff"
data/cards.ts,card-258,"Emmanuel Lévinas, Totalité et Infini (1961)",Lévinas,true,COPYRIGHT (†1995 → 2065),"La philosophie de Lévinas (1906-1995) est une éthique fondée sur la rencontre avec le visage de l'autre (autrui). Ce visage est vulnérable, fragile, et il m'int"
data/cards.ts,card-259,"Emmanuel Lévinas, Autrement qu'être (1974)",Lévinas,true,COPYRIGHT (†1995 → 2065),"Lévinas forge le concept de ""responsabilité pour autrui"" — non pas une obligation contractuelle mais une responsabilité infinie, inconditionnelle. Avant tout co"
data/cards.ts,card-260,"Talmud Bavli, Sanhedrin 37a",Lévinas,true,COPYRIGHT (†1995 → 2065),"Le Talmud enseigne que chaque être humain peut dire : ""Le monde a été créé pour moi."" Cette affirmation audacieuse est anti-nihiliste : chaque vie a une valeur"
data/cards.ts,card-261,Shemot 20:2 (Premier Commandement),Heschel,true,COPYRIGHT (†1972 → 2042),"Le premier commandement n'est pas une injonction mais une identification. Dieu se présente d'abord comme Celui qui libère, non comme Celui qui commande. La loi"
data/cards.ts,card-262,Zacharie 4:6,Heschel,true,COPYRIGHT (†1972 → 2042),Le prophète Zacharie porte un message anti-militariste radical : ce ne sont pas les armées ni les stratégies humaines qui accomplissent l'histoire sainte — c'es
data/cards.ts,card-263,Isaïe 55:7,Rav Kook,true,PD (†1935),Isaïe proclame une teshuvah accessible à tous. L'invitation divine au retour n'est pas réservée aux pieux — elle s'adresse explicitement au méchant et à l'iniqu
data/cards.ts,card-264,Yirmiyahu 31:3,Heschel,true,COPYRIGHT (†1972 → 2042),"Jérémie rapporte les paroles les plus tendres de Dieu dans toute la Bible hébraïque. L'amour divin précède toute histoire, tout mérite, toute réponse humaine. I"
data/cards.ts,card-265,Isaïe 49:23,Rabbi Joseph B. Soloveitchik,true,COPYRIGHT (†1993 → 2063),La promesse d'Isaïe à ceux qui attendent Dieu dans l'obscurité est absolue. La honte — être trahi par ce en quoi on a mis sa confiance — n'atteindra pas ceux qu
data/cards.ts,card-266,Eikha 3:37 (Lamentations),Rabbi Nahman,true,likely-PD-or-traditional,Au cœur du livre des Lamentations — né de la destruction du Temple — Jérémie affirme la souveraineté divine absolue. Rien n'arrive sans que Dieu le permette ou
data/cards.ts,card-267,Michée 6:8,Heschel,true,COPYRIGHT (†1972 → 2042),"Le verset le plus cité de Michée résume toute la Torah en trois verbes : agir justement (mishpat), aimer la bonté (chesed), marcher humblement avec Dieu (hatzne"
data/cards.ts,card-268,Isaïe 42:10,Sfat Emet,true,likely-PD-or-traditional,"Isaïe appelle à un chant neuf — karot, un chant qui n'existe pas encore, qui doit naître de la rencontre avec la nouveauté de Dieu. Dieu fait du neuf à chaque i"
data/cards.ts,card-269,Isaïe 6:3,Heschel,true,COPYRIGHT (†1972 → 2042),Le Kaddoush de la vision d'Isaïe est la doxologie centrale de la liturgie juive (Kedushah). La sainteté de Dieu n'est pas son éloignement — sa gloire remplit la
data/cards.ts,card-270,Zacharie 8:19,Lévinas,true,COPYRIGHT (†1995 → 2065),Zacharie condense en quatre mots (ahavu emet ve-hashalom) le programme de la vie spirituelle et sociale. La vérité sans paix devient violence ; la paix sans vér
data/cards.ts,card-271,Mishley 3:5,Rabbi Joseph B. Soloveitchik,true,COPYRIGHT (†1993 → 2063),Ce proverbe ne condamne pas la raison mais la pointe de sa limite : la raison seule ne suffit pas pour traverser la vie. La confiance en Dieu n'est pas irration
data/cards.ts,card-272,Mishley 3:17,Ramchal,true,likely-PD-or-traditional,Ce verset sur la Torah — chanté en synagogue lors du retour du rouleau dans l'arche — révèle que la Torah n'est pas fardeau mais chemin de douceur. La loi divin
data/cards.ts,card-273,Mishley 31:10,Baal Shem Tov,true,likely-PD-or-traditional,"L'Eishet Hayil chanté chaque vendredi soir est une célébration de la femme comme force créatrice, morale et spirituelle au foyer. La tradition kabbalistique voi"
data/cards.ts,card-274,Kohélet 8:15,Heschel,true,COPYRIGHT (†1972 → 2042),"Kohélet, après avoir sondé la vanité de toutes choses, ne conclut pas au nihilisme mais à la célébration du présent. La joie dans les petits plaisirs — manger,"
data/cards.ts,card-275,Kohélet 12:13,Ramchal,true,likely-PD-or-traditional,"Après avoir tout questionné — le plaisir, la sagesse, le travail, la mort — Kohélet revient à l'essentiel. Non pas par capitulation intellectuelle mais par conv"
data/cards.ts,card-276,"Talmud Bavli, Sanhédrin 37a",Lévinas,true,COPYRIGHT (†1995 → 2065),"Cette affirmation audacieuse du Talmud est la base de la dignité infinie de chaque personne. Non pas ""je suis la seule personne qui compte"" mais ""mon existence"
data/cards.ts,card-277,Pirké Avot 1:15 — Shammaï,Baal Shem Tov,true,likely-PD-or-traditional,"Shammaï, connu pour sa rigueur, laisse ce conseil surprenant : accueillir chaque personne avec un beau visage (sevar panim yafot). L'accueil chaleureux n'est pa"
data/cards.ts,card-278,Pirké Avot 1:14 — Hillel,Lévinas,true,COPYRIGHT (†1995 → 2065),Hillel formule ici la dialectique fondamentale de l'existence morale. La responsabilité personnelle est indispensable — personne ne peut vivre ma vie à ma place
data/cards.ts,card-279,Pirké Avot 2:16 — Rabbi Tarfon,Heschel,true,COPYRIGHT (†1972 → 2042),Ce principe de Rabbi Tarfon libère de la paralysie perfectionniste. Je n'ai pas à résoudre tous les problèmes du monde — mais je dois contribuer à ma mesure. L'
data/cards.ts,card-280,Pirké Avot 2:5 — Hillel,Rabbi Joseph B. Soloveitchik,true,COPYRIGHT (†1993 → 2063),"Hillel appelle à une grandeur morale qui ne dépend pas de l'environnement. Là où personne ne fait ce qui est juste, sois toi la justice. Cette maxime s'adresse"
data/cards.ts,card-281,Tehillim 37:5,Baal Shem Tov,true,likely-PD-or-traditional,"Le Psaume 37 est une méditation sur la confiance en Dieu face à l'injustice apparente. ""Remets"" (gal) signifie littéralement ""roule sur Dieu"" — donner à porter"
data/cards.ts,card-282,Tehillim 27:8,Heschel,true,COPYRIGHT (†1972 → 2042),"Le Psaume 27 — chanté pendant les 40 jours de Eloul jusqu'à Hoshana Rabba — est une quête du visage de Dieu. ""Chercher le visage"" (bakesh panim) exprime le dési"
data/cards.ts,card-283,Tehillim 118:1,Sfat Emet,true,likely-PD-or-traditional,"Ce refrain du Hallel — chanté à Pessah, Shavuot, Soukot et Hanoukkah — est l'acte de foi le plus répété de la liturgie juive. La bonté de Dieu (chesed) dure le'"
data/cards.ts,card-284,Tehillim 143:6,Rabbi Nahman,true,likely-PD-or-traditional,David décrit le désir de Dieu par la métaphore du sol aride assoiffé de pluie. Le désir spirituel authentique — la tsimtzon ha-nefesh (soif de l'âme) — est le s
data/cards.ts,card-285,Tehillim 145:20,Chofetz Chaim,true,likely-PD-or-traditional,"Le Psaume 145 (Ashrei) — le seul psaume dit trois fois par jour dans la liturgie — culmine dans cette promesse de protection. Dieu ""garde"" (shomer) ceux qui l'a"
data/cards.ts,card-286,"Maïmonide, Michné Torah — Yesodei HaTorah 1:1",Maïmonide,true,likely-PD-or-traditional,Maïmonide ouvre son code juridique non par un commandement rituel mais par la connaissance de Dieu — le Être nécessaire dont l'existence est la condition de tou
data/cards.ts,card-287,"Maïmonide, Michné Torah — Hilkhot Teshuvah 3:5",Maïmonide,true,likely-PD-or-traditional,"Maïmonide élargit l'accès à l'olam ha-ba (le monde à venir) à tous les humains de bonne volonté, pas seulement aux juifs. Sa vision universaliste — issue de sa"
data/cards.ts,card-288,"Talmud Bavli, Shabbat 30b",Baal Shem Tov,true,likely-PD-or-traditional,"Ce passage talmudique lie la présence divine (Shekhinah) à la joie dans la pratique. Non à la tristesse, non à la rigueur anxieuse, non à l'ascèse joyless — mai"
data/cards.ts,card-289,Sifrei Devarim 33 — commentaire rabbinique,Sfat Emet,true,likely-PD-or-traditional,Cette exigence rabbinique est une invitation au renouvellement permanent de la relation avec la Torah. Lire les mêmes textes avec un regard neuf — y découvrir c
data/cards.ts,card-290,Vayikra 19:18 — commentaire de Rabbi Akiva,Lévinas,true,COPYRIGHT (†1995 → 2065),"Rabbi Akiva voit dans ce commandement le klal gadol — le grand principe qui contient toute la Torah. Mais ""comme toi-même"" mérite réflexion : si tu ne t'aimes p"
data/cards.ts,card-291,Tehillim 27:13,Rabbi Joseph B. Soloveitchik,true,COPYRIGHT (†1993 → 2063),"La phrase de David, inachevée dans le texte massorétique, est la plus émouvante du Psautier. ""Si je n'avais pas la foi..."" — sous-entendu : que serait-il arrivé"
data/cards.ts,card-292,Tehillim 33:3,Sfat Emet,true,likely-PD-or-traditional,"L'invitation récurrente aux ""cantiques nouveaux"" dans les Psaumes porte un message : la relation à Dieu ne doit pas se scléroser dans la répétition mécanique. C"
data/cards.ts,card-293,Tehillim 121:8,Chofetz Chaim,true,likely-PD-or-traditional,"Le Psaume 121 (Shir LaMa'alot — chant des montées) est le psaume des voyageurs et pèlerins. Il se clôt par cette promesse totale : Dieu garde chaque ""aller"" et"
data/cards.ts,card-294,Tehillim 6:3,Rabbi Nahman,true,likely-PD-or-traditional,"Le psaume de la maladie et de l'angoisse profonde. David ne masque pas sa souffrance devant Dieu — il l'expose dans toute sa crudité : épuisement, trouble des o"
data/cards.ts,card-295,Mishley 31:25,Heschel,true,COPYRIGHT (†1972 → 2042),"Cet image de l'Eishet Hayil (femme de valeur) décrit une personne qui affronte le futur sans anxiété. ""Elle rit au jour à venir"" — non par légèreté mais par con"
data/cards.ts,card-296,"Talmud Bavli, Gittin 43a",Rabbi Nahman,true,likely-PD-or-traditional,Cette assertion talmudique est anti-perfectionniste. L'erreur et la chute ne sont pas des échecs spirituels mais des parties nécessaires du processus d'apprenti
data/cards.ts,card-297,"Talmud Bavli, Yoma 38b",Maïmonide,true,likely-PD-or-traditional,Ce passage sur la miséricorde divine est profondément libérateur. Dieu ne compare pas à un idéal abstrait ou à d'autres personnes — Il juge chacun selon son pro
data/cards.ts,card-298,"Rabbi Nahman de Braslav, Liqoutey Moharan",Rabbi Nahman,true,likely-PD-or-traditional,Rabbi Nahman décrit avec une intensité fiévreuse le désir de Dieu qui habite toute âme humaine. Ce désir n'est pas toujours calme et serein — il est parfois brû
data/cards.ts,card-299,"Rabbi Nahman de Braslav, Liqoutey Moharan II:4",Rabbi Nahman,true,likely-PD-or-traditional,Rabbi Nahman identifie la hashgacha pratit (providence particulière) comme le cœur de toute foi. Croire que Dieu s'intéresse à chaque détail de ma vie — non seu
data/cards.ts,card-300,"Talmud Yerushalmi, Berakhot 4:2",Sfat Emet,true,likely-PD-or-traditional,"Le Talmud de Jérusalem propose une méditation quotidienne sur la fraîcheur de l'existence. Se voir ""comme né aujourd'hui"" — c'est réinitialiser le regard, aband"
data/cards.ts,card-301,"Baal Shem Tov, Keter Shem Tov 2",Baal Shem Tov,true,likely-PD-or-traditional,Le Baal Shem Tov développe ici une théologie de la liberté : Dieu a créé le libre-arbitre non malgré Lui-même mais comme expression de Son amour. Un amour qui c
data/cards.ts,card-302,"Baal Shem Tov, Sefer Ba'al Shem Tov",Baal Shem Tov,true,likely-PD-or-traditional,Le Baal Shem Tov enseigne la puissance extraordinaire de la pensée humaine dans la cosmologie kabbalistique. Chaque pensée a un impact sur les mondes spirituels
data/cards.ts,card-303,"Talmud Bavli, Avodah Zarah 54b (adapté)",Baal Shem Tov,true,likely-PD-or-traditional,La tradition kabbalistique distingue le neis galui (miracle ouvert) du neis nistar (miracle caché). Le monde naturel est rempli de miracles cachés que seul le r
data/cards.ts,card-304,Zohar II:86b (Aramaic/Hebrew),Rav Kook,true,PD (†1935),Le Zohar décrit Moïse non comme un prophète ordinaire mais comme un transparent total — un canal par lequel la Shekhinah elle-même parlait. Cette transparence e
data/cards.ts,card-305,"Talmud Bavli, Berakhot 34b",Rabbi Joseph B. Soloveitchik,true,COPYRIGHT (†1993 → 2063),Ce renversement magnifique décrit la grandeur cachée. L'homme vraiment grand est celui qui ne réalise pas pleinement sa propre grandeur — il est plus que ce qu'
data/cards.ts,card-306,"Rashi, Commentaire sur Vayikra 19:2",Ramban,true,likely-PD-or-traditional,"Rashi (1040-1105), le commentateur par excellence de la Torah et du Talmud, lit ""soyez saints"" comme une invitation à la retenue et à la délicatesse morale. La"
data/cards.ts,card-307,"Rashi, Commentaire sur Bereshit 1:1",Rashi,true,likely-PD-or-traditional,Rashi ouvre son commentaire de la Torah par une question fondamentale : pourquoi la Torah commence-t-elle par la Création et non par la première mitsvah ? Sa ré
data/cards.ts,card-308,"Talmud Bavli, Shevuot 39a",Rav Kook,true,PD (†1935),"""Arevim"" signifie à la fois ""garants"" et ""mélangés"". Les âmes juives sont intimement liées — la faute de l'un affecte la communauté ; la mitsvah de l'un bénéfic"
data/cards.ts,card-309,"Talmud Bavli, Berakhot 17a",Baal Shem Tov,true,likely-PD-or-traditional,Ce principe talmudique démocratise la pratique religieuse. Ni la quantité des dons ni l'éloquence des prières ne définissent la valeur de l'acte — c'est l'inten
data/cards.ts,card-310,Kohélet 8:1,Sfat Emet,true,likely-PD-or-traditional,Kohélet souligne une vérité observable : la sagesse intérieure se manifeste extérieurement. Le visage de l'homme sage rayonne — non par beauté physique mais par
data/cards.ts,card-311,"Abraham Joshua Heschel, Man's Quest for God",Heschel,true,COPYRIGHT (†1972 → 2042),"Heschel distingue deux modèles de prière : la prière-transaction (je demande, Dieu donne) et la prière-glorification (je me tiens devant Dieu). La seconde est p"
data/cards.ts,card-312,"Abraham Joshua Heschel, Who Is Man?",Heschel,true,COPYRIGHT (†1972 → 2042),"Le diagnostic de Heschel sur la modernité : l'efficacité techniciste a tué l'émerveillement. Nous expliquons, mesurons, contrôlons — et perdons la capacité de v"
data/cards.ts,card-313,"Abraham Joshua Heschel, God in Search of Man",Heschel,true,COPYRIGHT (†1972 → 2042),Heschel renverse la direction habituelle de la recherche spirituelle. Ce n'est pas l'homme qui part à la recherche d'un Dieu caché — c'est Dieu qui cherche l'ho
data/cards.ts,card-314,"Abraham Joshua Heschel, The Sabbath",Heschel,true,COPYRIGHT (†1972 → 2042),"Heschel voit dans le Shabbat la libération de la dictature de la productivité. Six jours, l'homme est ce qu'il fait. Le Shabbat, il est simplement ce qu'il est"
data/cards.ts,card-315,"Abraham Joshua Heschel, The Prophets",Heschel,true,COPYRIGHT (†1972 → 2042),Heschel suit les prophètes : on ne peut adorer Dieu et ignorer la souffrance humaine. La piété sans justice est une caricature de la foi. Isaïe et Amos l'ont cr
data/cards.ts,card-316,"Rabbi Joseph B. Soloveitchik, The Lonely Man of Faith (1965)",Rabbi Joseph B. Soloveitchik,true,COPYRIGHT (†1993 → 2063),"Le Rav Soloveitchik (1903-1993) décrit la solitude fondamentale de l'homme de foi dans un monde rationalisé. Ses préoccupations profondes — sens, mort, relation"
data/cards.ts,card-317,"Rabbi Joseph B. Soloveitchik, Halakhic Man (1944)",Rabbi Joseph B. Soloveitchik,true,COPYRIGHT (†1993 → 2063),"Dans son chef-d'œuvre Halakhic Man, Soloveitchik défend l'idéal halakhique contre l'idéalisme romantique : la halakha n'est pas un carcan bureaucratique mais le"
data/cards.ts,card-318,"Rabbi Joseph B. Soloveitchik, On Repentance",Rabbi Joseph B. Soloveitchik,true,COPYRIGHT (†1993 → 2063),"Soloveitchik enseigne que la teshuvah authentique est un acte créatif, non seulement pénitentiel. Le repentir passif — regretter le passé — n'est que la moitié."
data/cards.ts,card-319,"Rabbi Joseph B. Soloveitchik, Halakhic Man",Rabbi Joseph B. Soloveitchik,true,COPYRIGHT (†1993 → 2063),"L'imitation Dei (imitatio Dei) selon Soloveitchik est dynamique et créatrice. Comme Dieu crée ex nihilo, l'homme crée dans sa sphère — construisant, découvrant,"
data/cards.ts,card-320,"Rabbi Joseph B. Soloveitchik, The Shabbat",Rabbi Joseph B. Soloveitchik,true,COPYRIGHT (†1993 → 2063),Soloveitchik médite sur la sanctification du temps. Le Shabbat n'est pas seulement repos — c'est la sacralisation d'une dimension de l'existence que la semaine
data/cards.ts,card-321,Pirké Avot 3:1 — Akavya ben Mahalalel,Rabbi Joseph B. Soloveitchik,true,COPYRIGHT (†1993 → 2063),"Akavya ben Mahalalel formule en une phrase la triple question existentielle : origine, destin, responsabilité. Cette triade n'est pas invitation à l'angoisse ma"
data/cards.ts,card-322,Pirké Avot 3:14 — Rabbi Akiva,Rav Kook,true,PD (†1935),Rabbi Akiva développe ici une théologie de la dignité humaine fondée sur l'amour divin. Ce n'est pas seulement que l'homme a été créé à l'image de Dieu — c'est
data/cards.ts,card-323,Pirké Avot 4:1 — Ben Zoma,Rabbi Joseph B. Soloveitchik,true,COPYRIGHT (†1993 → 2063),Ben Zoma renverse les définitions conventionnelles. La vraie sagesse n'est pas érudition mais ouverture — celui qui peut apprendre de n'importe qui est plus sag
data/cards.ts,card-324,Pirké Avot 4:21 — Rabbi Eliezer HaKappar,Sfat Emet,true,likely-PD-or-traditional,"Rabbi Eliezer HaKappar identifie trois forces qui aliènent l'homme de lui-même et du monde : la jalousie (regard fixé sur l'autre), le désir insatiable (regard"
data/cards.ts,card-325,Pirké Avot 6:1 — Rabbi Meir,Rav Kook,true,PD (†1935),"Rabbi Meir décrit l'état d'un homme dont la Torah est devenue raison d'être et non moyen. Étudier ""lishmah"" — pour l'amour de la Torah elle-même — transforme l'"
data/cards.ts,card-326,Hosea 6:6,Heschel,true,COPYRIGHT (†1972 → 2042),Hosée formule l'un des passages prophétiques les plus révolutionnaires : Dieu préfère le chesed vécu à la liturgie extérieure. Non que les sacrifices soient mau
data/cards.ts,card-327,Amos 5:24,Heschel,true,COPYRIGHT (†1972 → 2042),"Amos, paysan et éleveur de troupeaux devenu prophète, exprime la vision divine de la justice sociale avec une image d'une puissance incomparable. La justice ne"
data/cards.ts,card-328,Yechezkel 36:26,Rav Kook,true,PD (†1935),"Ézéchiel prophétise la transformation la plus profonde qui soit : non pas une réforme extérieure mais une transplantation intérieure. Le ""lev habasar"" — cœur de"
data/cards.ts,card-329,Yirmiyahu 17:7,Sfat Emet,true,likely-PD-or-traditional,Jérémie oppose deux attitudes fondamentales : la confiance en l'homme (fragile comme un arbuste dans le désert) et la confiance en Dieu (comme un arbre planté a
data/cards.ts,card-330,Michée 7:18,Rabbi Joseph B. Soloveitchik,true,COPYRIGHT (†1993 → 2063),"Michée clôt son livre sur la question rhétorique la plus émouvante de la prophétie : qui est Dieu sinon Celui qui pardonne ? Le nom de Michée (Micha-El — ""Qui e"
data/cards.ts,card-331,"Rabbi Israel Salanter, Ohr Yisrael (19ème siècle)",Sfat Emet,true,likely-PD-or-traditional,"Israel Salanter (1809-1883), fondateur du mouvement Mussar, distingue la connaissance intellectuelle de la connaissance transformatrice. On peut savoir que la j"
data/cards.ts,card-332,"Rabbi Israel Salanter, Iggeret HaMussar",Sfat Emet,true,likely-PD-or-traditional,Cette distinction est au cœur du projet mussar : la transformation ne s'arrête pas à la tête. Israel Salanter observait que les hommes les plus érudits pouvaien
data/cards.ts,card-333,"Rabbi Simcha Zissel Ziv, Chochma UMussar",Chofetz Chaim,true,likely-PD-or-traditional,"Simcha Zissel Ziv (1824-1898), le ""Sabba de Kelm"", enseignait que l'émet est la vertu architecturale : sans elle, toutes les autres sont fragiles. On peut être"
data/cards.ts,card-334,"Talmud Bavli, Shabbat 127a",Rav Kook,true,PD (†1935),Ce passage talmudique énumère les trois piliers de l'existence juive active. L'étude (talmud Torah) engage l'intellect dans la rencontre avec la sagesse divine.
data/cards.ts,card-335,École de Novaardok — éthique mussar,Rabbi Joseph B. Soloveitchik,true,COPYRIGHT (†1993 → 2063),"L'école Mussar de Novaardok, fondée par Rabbi Yosef Yozel Horowitz, insistait sur le détachement des influences extérieures comme chemin vers la liberté intérie"
data/cards.ts,card-336,Rebbe de Kotzk — Menachem Mendel Morgensztern (19ème siècle),Heschel,true,COPYRIGHT (†1972 → 2042),"Le Kotzker Rebbe (1787-1859), figure la plus solitaire et la plus exigeante du hassidisme polonais, donnait une réponse radicalement subjective à la question li"
data/cards.ts,card-337,"Talmud Bavli, Shabbat 55a — médité par le Kotzker Rebbe",Heschel,true,COPYRIGHT (†1972 → 2042),"Le Kotzker fit de cet enseignement talmudique le centre de toute sa vie spirituelle. Si Dieu est Vérité, alors toute relation authentique avec Dieu exige la vér"
data/cards.ts,card-338,"Rabbi Levi Yitzhak de Berditchev, Kedushat Levi",Heschel,true,COPYRIGHT (†1972 → 2042),"Levi Yitzhak de Berditchev (1740-1809) est le ""défenseur d'Israël"" — le tsaddik qui plaidait pour le peuple juif devant Dieu Lui-même. Cette question rhétorique"
data/cards.ts,card-339,"Rabbi Levi Yitzhak de Berditchev, prière personnelle",Rav Kook,true,PD (†1935),"Cette prière personnelle de Levi Yitzhak condense la théologie hassidique : la pratique extérieure sans amour est vide. Les jeûnes, les prières, les études — to"
data/cards.ts,card-340,Hagadah de Pessah — Mishna Pesahim 10:5,Sfat Emet,true,likely-PD-or-traditional,Le Sfat Emet interprète cette obligation comme une invitation à l'actualisation permanente de la libération. Nous ne commémorons pas une libération ancienne — n
data/cards.ts,card-341,Iyov 19:25,Rabbi Joseph B. Soloveitchik,true,COPYRIGHT (†1993 → 2063),"Job, après avoir tout perdu, exprime une foi d'une profondeur extraordinaire. Non pas que la souffrance soit expliquée — elle ne l'est jamais dans le Livre de J"
data/cards.ts,card-342,Iyov 38:4,Heschel,true,COPYRIGHT (†1972 → 2042),La réponse de Dieu à Job depuis le tourbillon est l'un des textes les plus grandioses de la littérature humaine. Dieu ne répond pas aux accusations de Job — Il
data/cards.ts,card-343,Ruth 1:16,Lévinas,true,COPYRIGHT (†1995 → 2065),"Les paroles de Ruth à Naomi sont parmi les plus belles déclarations de fidélité de toute la Bible. Ruth la Moabite choisit librement, depuis l'amour et non l'ob"
data/cards.ts,card-344,Kohélet 3:1,Sfat Emet,true,likely-PD-or-traditional,"Kohélet développe l'une des méditations les plus profondes sur le temps. Chaque moment a sa vérité propre — il y a un temps pour pleurer et un temps pour rire,"
data/cards.ts,card-345,Kohélet 9:11,Heschel,true,COPYRIGHT (†1972 → 2042),"Kohélet est l'antidote à l'illusion méritocratique. Le monde ne se distribue pas selon les mérites — les meilleurs ne gagnent pas toujours, les plus sages ne pr"
data/cards.ts,card-346,"Talmud Bavli, Bava Metzia 58b",Lévinas,true,COPYRIGHT (†1995 → 2065),Les rabbins comparent l'humiliation publique au meurtre — hyperbole volontaire qui signale la gravité de la blessure à la dignité. Quand quelqu'un rougit d'humi
data/cards.ts,card-347,"Talmud Bavli, Sukkah 52a",Rabbi Joseph B. Soloveitchik,true,COPYRIGHT (†1993 → 2063),"Cette image talmudique décrit la psychologie de l'habitude. Le yetzer hara ne s'impose pas d'emblée avec toute sa force — il commence imperceptiblement, comme u"
data/cards.ts,card-348,"Talmud Bavli, Sotah 14a",Lévinas,true,COPYRIGHT (†1995 → 2065),"Comment imiter Dieu, être incorporel et infini ? Les rabbins répondent : en imitant Ses attributs moraux. Dieu habille les nus (Adam et Ève, après la faute) — t"
data/cards.ts,card-349,"Mishley 10:2 / Talmud Bavli, Bava Batra 10a",Chofetz Chaim,true,likely-PD-or-traditional,"Ce verset bref est l'un des plus développés dans la tradition rabbinique. Les sages comprennent la ""mort"" comme mort spirituelle, mort prématurée, mais aussi co"
data/cards.ts,card-350,"Talmud Bavli, Taanit 7a",Sfat Emet,true,likely-PD-or-traditional,Cette image de l'eau qui descend vers les lieux bas pour s'y rassembler décrit la loi spirituelle de l'humilité. La Torah ne peut habiter un vase plein de soi-m
data/cards.ts,card-351,"Maharal de Prague, Tiferet Yisrael (16ème siècle)",Rav Kook,true,PD (†1935),"Rabbi Yehoudah Loew ben Bezalel, le Maharal de Prague (1520-1609), développe une métaphysique de la singularité d'Israël. Non pas supériorité morale innée — mai"
data/cards.ts,card-352,"Maharal de Prague, Gevurot Hashem",Rav Kook,true,PD (†1935),Le Maharal comprend la Géoula non comme un événement historique extérieur mais comme une réalité intérieure qui attend d'être révélée. La liberté d'Égypte était
data/cards.ts,card-353,"Maharal de Prague, Netivot Olam",Sfat Emet,true,likely-PD-or-traditional,"Le Maharal développe ici la doctrine rabbinique de la Torah précosmique. La Torah n'est pas seulement un texte révélé — c'est le plan de la création, la structu"
data/cards.ts,card-354,"Maharal de Prague, Be'er HaGolah",Lévinas,true,COPYRIGHT (†1995 → 2065),"Le Maharal développe une ontologie de la vérité : l'émet est la réalité même, sans surface ni apparence. Tout ce qui a un ""extérieur"" peut être un masque — la v"
data/cards.ts,card-355,"Maharal de Prague, Commentaire sur Pirké Avot",Rav Kook,true,PD (†1935),Cette intuition du Maharal préfigure la psychologie des types spirituels. La Torah n'est pas un chemin unique pour tous — elle a autant de chemins que d'âmes. C
data/cards.ts,card-356,"Abraham Joshua Heschel, Who Is Man? (1965)",Heschel,true,COPYRIGHT (†1972 → 2042),"Heschel renverse la direction de l'interrogation existentielle. Nous nous demandons ""qui est Dieu ?"" mais Dieu se demande ""qui est cet être que j'ai créé ?"" L'h"
data/cards.ts,card-357,"Abraham Joshua Heschel, The Prophets (1962)",Heschel,true,COPYRIGHT (†1972 → 2042),"L'œuvre majeure de Heschel sur la prophétie développe la notion de ""divine pathos"" — Dieu ressent, s'indigne, aime, souffre de l'injustice humaine. Le prophète"
data/cards.ts,card-358,"Abraham Joshua Heschel, Israel: An Echo of Eternity (1969)",Heschel,true,COPYRIGHT (†1972 → 2042),"Écrit après la Guerre des Six Jours, ce livre exprime la théologie heschelienne du lieu sacré. Jérusalem n'est pas seulement une ville — c'est une mémoire vivan"
data/cards.ts,card-359,"Abraham Joshua Heschel, A Passion for Truth (1973)",Heschel,true,COPYRIGHT (†1972 → 2042),"Dernier livre de Heschel, A Passion for Truth met en dialogue les deux pôles du hassidisme. Le Baal Shem Tov part de la joie et de la proximité divine — Dieu es"
data/cards.ts,card-360,"Abraham Joshua Heschel, Moral Grandeur and Spiritual Audacity",Heschel,true,COPYRIGHT (†1972 → 2042),Heschel développe ici une éthique qui dépasse le légalisme. La Torah trace des frontières — ce qui est interdit protège contre les abus graves. Mais la vie mora
data/cards.ts,card-361,"Maïmonide, Hilkhot Deot 1:6",Maïmonide,true,likely-PD-or-traditional,"Maïmonide fonde l'éthique juive sur l'imitatio Dei : Dieu est la norme absolue du bien moral. Ses attributs — miséricorde, grâce, vérité, bonté — ne sont pas de"
data/cards.ts,card-362,"Ramban, Iggeret HaRamban (Lettre du Ramban)",Ramban,true,likely-PD-or-traditional,La fameuse lettre du Ramban à son fils résume la sagesse d'une vie : tout commence par l'humilité. Non pas la dépréciation de soi ou le manque de confiance — ma
data/cards.ts,card-363,"Rav Kook, Orot HaTeshuvah (1925)",Rav Kook,true,PD (†1935),"Rav Kook, premier Grand Rabbin ashkénaze de Palestine mandataire, voyait dans le retour physique du peuple juif en Eretz Israël le début d'un processus spiritue"
data/cards.ts,card-364,Mishna Sanhedrin 10:1 — Zohar I:2a,Rav Kook,true,PD (†1935),L'affirmation radicale de la Mishna — que tout Israël partage le monde futur — exprime une sotériologie de l'inclusion universelle. Non que chaque acte soit ind
data/cards.ts,card-365,Tehillim 150:1-6 — dernier psaume,Heschel,false,COPYRIGHT (†1972 → 2042),"Le dernier verset du dernier psaume est l'aboutissement de toute la collection. Après les supplications, les larmes, les cris vers Dieu, les descriptions des en"
data/cards.ts,mod-emunah-1,Qohélet 7:16,Maïmonide,false,likely-PD-or-traditional,Qohélet inscrit la modération au cœur même de la quête de justice. L'excès de vertu peut devenir orgueil déguisé. Le sage biblique enseigne que la juste mesure
data/cards.ts,mod-emunah-2,Pirké Avot 1:15,Rashi,false,likely-PD-or-traditional,"Shammaï enseigne la modération du jugement par l'ouverture du visage. Recevoir autrui avec grâce, quelle que soit son apparence, exige de modérer ses préjugés e"
data/cards.ts,mod-emunah-3,Pirké Avot 4:1,Maïmonide,false,likely-PD-or-traditional,Ben Zoma renverse la notion de force : la véritable puissance n'est pas tournée vers l'extérieur mais vers l'intérieur. Maîtriser le yetzer — l'impulsion — est
data/cards.ts,mod-emunah-4,Proverbes 3:17,Rashi,false,likely-PD-or-traditional,"La Torah est décrite non comme joug austère mais comme chemin de douceur. Rashi voit ici l'appel à une observance mesurée, non crispée. La Loi divine, bien comp"
data/cards.ts,mod-emunah-5,Deutéronome 4:2,Maïmonide,false,likely-PD-or-traditional,Le commandement divin de ne rien ajouter ni retrancher est le fondement halachique de la modération. Maïmonide en tire une philosophie de l'équilibre : toute dé
data/cards.ts,mod-emunah-6,Pirké Avot 4:10,Ramban,true,likely-PD-or-traditional,L'humilité est la forme la plus subtile de la modération : modération de l'ego. Rabbi Levitas de Yabneh enseigne que la shiflut — la bassesse d'esprit — n'est p
data/cards.ts,mod-emunah-7,Psaumes 119:9,Ramchal,true,likely-PD-or-traditional,Le Psalmiste propose la fidélité à la parole divine comme chemin de modération. Garder sa voie pure exige de modérer les élans de la jeunesse par l'ancrage dans
data/cards.ts,mod-emunah-8,Proverbes 9:9,Baal Shem Tov,true,likely-PD-or-traditional,"La sagesse s'accroît par la réception mesurée, non par l'accumulation compulsive. Le Baal Shem Tov enseigne que la vraie réception de sagesse exige un vide inté"
data/cards.ts,mod-emunah-9,Psaumes 34:14,Chofetz Chaim,true,likely-PD-or-traditional,Le Chofetz Chaim a consacré sa vie entière à ce verset. La shmirat halashon — garde de la parole — est la forme de modération la plus difficile et la plus fécon
data/cards.ts,mod-emunah-10,Pirké Avot 1:17,Rashi,true,likely-PD-or-traditional,La tradition rabbinique sacralise le silence comme vertu active. Modérer la parole n'est pas timidité mais connaissance profonde de la valeur des mots. Rabbi Sh
data/cards.ts,mod-emunah-11,Michée 6:8,Maïmonide,true,likely-PD-or-traditional,Michée condense toute la Torah en trois formules dont la dernière est la marche discrète avec Dieu. La modération est ici posture existentielle : ne pas s'affic
data/cards.ts,mod-emunah-12,Pirké Avot 2:1,Ramchal,true,likely-PD-or-traditional,Rabbi Yéhouda HaNassi invite à un discernement mesuré de la pratique. Cette comptabilité spirituelle n'est pas utilitarisme : elle est art d'évaluer ses forces
data/cards.ts,temp-emunah-1,Psaumes 37:16,Maïmonide,false,likely-PD-or-traditional,Le Psalmiste affirme la supériorité qualitative sur la quantité. La tempérance n'est pas résignation au manque : c'est la reconnaissance que le peu acquis dans
data/cards.ts,temp-emunah-2,Pirké Avot 4:1,Baal Shem Tov,false,likely-PD-or-traditional,"Ben Zoma redéfinit la richesse comme relation au réel, non comme état matériel. La joie dans sa part — simcha bechelko — est la forme la plus haute de la tempér"
data/cards.ts,temp-emunah-3,Exode 20:17,Maïmonide,false,likely-PD-or-traditional,Le dixième commandement interdit non un acte mais un mouvement intérieur : la convoitise. La tempérance est ici radicalement intérieure — elle concerne le désir
data/cards.ts,temp-emunah-4,"Ramchal — Messilat Yesharim, ch. 13",Ramchal,false,likely-PD-or-traditional,Le Ramchal place la séparation des désirs comme étape nécessaire sur le chemin de la sainteté. La tempérance n'est pas une fin mais un espace de sécurité : en r
data/cards.ts,temp-emunah-5,Pirké Avot 2:1,Rashi,false,likely-PD-or-traditional,La tempérance naît de la conscience de sa propre condition éphémère. Cette méditation sur l'origine et la destination de l'être humain refroidit naturellement l
data/cards.ts,temp-emunah-6,Psaumes 109:22,Rabbi Nahman,true,likely-PD-or-traditional,Rabbi Nahman de Breslev voit dans l'aveu de pauvreté spirituelle le début de la vraie richesse. La tempérance passe par l'acceptation de son insuffisance : celu
data/cards.ts,temp-emunah-7,Pirké Avot 1:17,Ramban,true,likely-PD-or-traditional,"La tempérance s'applique aussi à la parole savante. Rabban Gamliel modère la tendance à l'érudition exhibée : ce qui compte est ce qu'on fait, pas ce qu'on sait"
data/cards.ts,temp-emunah-8,Pirké Avot 3:10,Baal Shem Tov,true,likely-PD-or-traditional,"Rabbi Hanania enseigne que la vertu socialement visible est un signe de rectitude spirituelle. La tempérance qui apaise les autres — qui ne heurte pas, n'excède"
data/cards.ts,temp-emunah-9,Talmud — Sota 14a,Chofetz Chaim,true,likely-PD-or-traditional,Le Talmud oriente la tempérance vers la générosité : être sévère avec soi et indulgent envers l'autre. Ce renversement est la caractéristique du tsaddik : son e
data/cards.ts,temp-emunah-10,Talmud — Pessahim 113a,Maïmonide,true,likely-PD-or-traditional,La sagesse talmudique valorise l'enracinement tempéré contre le mouvement perpétuel. La bénédiction ne se trouve pas dans l'agitation mais dans la profondeur. L
data/cards.ts,temp-emunah-11,Psaumes 112:1,Rabbi Nahman,true,likely-PD-or-traditional,La crainte divine n'est pas terreur mais révérence modératrice. Elle canalise les désirs vers les commandements. Rabbi Nahman enseigne que la yirat Shamayim — l
data/cards.ts,temp-emunah-12,Talmud — Berakhot 13a,Ramchal,true,likely-PD-or-traditional,Le Talmud présente la tempérance comme substitution d'un joug par un autre — plus léger. Renoncer aux tyrannies du corps et du regard humain pour s'ouvrir à la